time,BTC,ETH,LTC,XMR
2010-07-17,0.04951,0.0,0.0,0.0
2010-07-18,0.08584,0.0,0.0,0.0
2010-07-19,0.0808,0.0,0.0,0.0
2010-07-20,0.07474,0.0,0.0,0.0
2010-07-21,0.07921,0.0,0.0,0.0
2010-07-22,0.0505,0.0,0.0,0.0
2010-07-23,0.06262,0.0,0.0,0.0
2010-07-24,0.05454,0.0,0.0,0.0
2010-07-25,0.0505,0.0,0.0,0.0
2010-07-26,0.056,0.0,0.0,0.0
2010-07-27,0.06,0.0,0.0,0.0
2010-07-28,0.0589,0.0,0.0,0.0
2010-07-29,0.0699,0.0,0.0,0.0
2010-07-30,0.0627,0.0,0.0,0.0
2010-07-31,0.06785,0.0,0.0,0.0
2010-08-01,0.0611,0.0,0.0,0.0
2010-08-02,0.06,0.0,0.0,0.0
2010-08-03,0.06,0.0,0.0,0.0
2010-08-04,0.057,0.0,0.0,0.0
2010-08-05,0.061,0.0,0.0,0.0
2010-08-06,0.0623,0.0,0.0,0.0
2010-08-07,0.059,0.0,0.0,0.0
2010-08-08,0.0609,0.0,0.0,0.0
2010-08-09,0.071,0.0,0.0,0.0
2010-08-10,0.07,0.0,0.0,0.0
2010-08-11,0.067,0.0,0.0,0.0
2010-08-12,0.07,0.0,0.0,0.0
2010-08-13,0.0645,0.0,0.0,0.0
2010-08-14,0.067,0.0,0.0,0.0
2010-08-15,0.06529,0.0,0.0,0.0
2010-08-16,0.0655,0.0,0.0,0.0
2010-08-17,0.07,0.0,0.0,0.0
2010-08-18,0.068,0.0,0.0,0.0
2010-08-19,0.0667,0.0,0.0,0.0
2010-08-20,0.0655,0.0,0.0,0.0
2010-08-21,0.0664,0.0,0.0,0.0
2010-08-22,0.066,0.0,0.0,0.0
2010-08-23,0.06491,0.0,0.0,0.0
2010-08-24,0.065,0.0,0.0,0.0
2010-08-25,0.0648,0.0,0.0,0.0
2010-08-26,0.064,0.0,0.0,0.0
2010-08-27,0.065,0.0,0.0,0.0
2010-08-28,0.0641,0.0,0.0,0.0
2010-08-29,0.064,0.0,0.0,0.0
2010-08-30,0.06497,0.0,0.0,0.0
2010-08-31,0.06,0.0,0.0,0.0
2010-09-01,0.0629,0.0,0.0,0.0
2010-09-02,0.0634,0.0,0.0,0.0
2010-09-03,0.06085,0.0,0.0,0.0
2010-09-04,0.06238,0.0,0.0,0.0
2010-09-05,0.0616,0.0,0.0,0.0
2010-09-06,0.0616,0.0,0.0,0.0
2010-09-07,0.061,0.0,0.0,0.0
2010-09-08,0.062,0.0,0.0,0.0
2010-09-09,0.06111,0.0,0.0,0.0
2010-09-10,0.0618,0.0,0.0,0.0
2010-09-11,0.06366,0.0,0.0,0.0
2010-09-12,0.0615,0.0,0.0,0.0
2010-09-13,0.06219,0.0,0.0,0.0
2010-09-14,0.06199,0.0,0.0,0.0
2010-09-15,0.0604,0.0,0.0,0.0
2010-09-16,0.0619,0.0,0.0,0.0
2010-09-17,0.059,0.0,0.0,0.0
2010-09-18,0.061,0.0,0.0,0.0
2010-09-19,0.0627,0.0,0.0,0.0
2010-09-20,0.0621,0.0,0.0,0.0
2010-09-21,0.06265,0.0,0.0,0.0
2010-09-22,0.0622,0.0,0.0,0.0
2010-09-23,0.06231,0.0,0.0,0.0
2010-09-24,0.0622,0.0,0.0,0.0
2010-09-25,0.06202,0.0,0.0,0.0
2010-09-26,0.062,0.0,0.0,0.0
2010-09-27,0.0622,0.0,0.0,0.0
2010-09-28,0.0619,0.0,0.0,0.0
2010-09-29,0.06191,0.0,0.0,0.0
2010-09-30,0.0619,0.0,0.0,0.0
2010-10-01,0.06197,0.0,0.0,0.0
2010-10-02,0.0614,0.0,0.0,0.0
2010-10-03,0.06111,0.0,0.0,0.0
2010-10-04,0.0613,0.0,0.0,0.0
2010-10-05,0.0614,0.0,0.0,0.0
2010-10-06,0.06281,0.0,0.0,0.0
2010-10-07,0.067,0.0,0.0,0.0
2010-10-08,0.08685,0.0,0.0,0.0
2010-10-09,0.0938,0.0,0.0,0.0
2010-10-10,0.0965,0.0,0.0,0.0
2010-10-11,0.095,0.0,0.0,0.0
2010-10-12,0.0949,0.0,0.0,0.0
2010-10-13,0.105,0.0,0.0,0.0
2010-10-14,0.102,0.0,0.0,0.0
2010-10-15,0.105,0.0,0.0,0.0
2010-10-16,0.101,0.0,0.0,0.0
2010-10-17,0.102,0.0,0.0,0.0
2010-10-18,0.1024,0.0,0.0,0.0
2010-10-19,0.097,0.0,0.0,0.0
2010-10-20,0.099,0.0,0.0,0.0
2010-10-21,0.107,0.0,0.0,0.0
2010-10-22,0.1025,0.0,0.0,0.0
2010-10-23,0.1055,0.0,0.0,0.0
2010-10-24,0.115,0.0,0.0,0.0
2010-10-25,0.132,0.0,0.0,0.0
2010-10-26,0.1503,0.0,0.0,0.0
2010-10-27,0.1877,0.0,0.0,0.0
2010-10-28,0.1731,0.0,0.0,0.0
2010-10-29,0.19,0.0,0.0,0.0
2010-10-30,0.1989,0.0,0.0,0.0
2010-10-31,0.1925,0.0,0.0,0.0
2010-11-01,0.1955,0.0,0.0,0.0
2010-11-02,0.1938,0.0,0.0,0.0
2010-11-03,0.1931,0.0,0.0,0.0
2010-11-04,0.23,0.0,0.0,0.0
2010-11-05,0.26,0.0,0.0,0.0
2010-11-06,0.39,0.0,0.0,0.0
2010-11-07,0.34,0.0,0.0,0.0
2010-11-08,0.243,0.0,0.0,0.0
2010-11-09,0.21,0.0,0.0,0.0
2010-11-10,0.24,0.0,0.0,0.0
2010-11-11,0.2231,0.0,0.0,0.0
2010-11-12,0.2682,0.0,0.0,0.0
2010-11-13,0.276,0.0,0.0,0.0
2010-11-14,0.279,0.0,0.0,0.0
2010-11-15,0.2682,0.0,0.0,0.0
2010-11-16,0.223,0.0,0.0,0.0
2010-11-17,0.2299,0.0,0.0,0.0
2010-11-18,0.2678,0.0,0.0,0.0
2010-11-19,0.28,0.0,0.0,0.0
2010-11-20,0.283,0.0,0.0,0.0
2010-11-21,0.2767,0.0,0.0,0.0
2010-11-22,0.2879,0.0,0.0,0.0
2010-11-23,0.2829,0.0,0.0,0.0
2010-11-24,0.283,0.0,0.0,0.0
2010-11-25,0.28,0.0,0.0,0.0
2010-11-26,0.2844,0.0,0.0,0.0
2010-11-27,0.283,0.0,0.0,0.0
2010-11-28,0.27,0.0,0.0,0.0
2010-11-29,0.2299,0.0,0.0,0.0
2010-11-30,0.2082,0.0,0.0,0.0
2010-12-01,0.2275,0.0,0.0,0.0
2010-12-02,0.255,0.0,0.0,0.0
2010-12-03,0.251,0.0,0.0,0.0
2010-12-04,0.205,0.0,0.0,0.0
2010-12-05,0.19,0.0,0.0,0.0
2010-12-06,0.204,0.0,0.0,0.0
2010-12-07,0.233,0.0,0.0,0.0
2010-12-08,0.2388,0.0,0.0,0.0
2010-12-09,0.2,0.0,0.0,0.0
2010-12-10,0.204,0.0,0.0,0.0
2010-12-11,0.228,0.0,0.0,0.0
2010-12-12,0.22,0.0,0.0,0.0
2010-12-13,0.2299,0.0,0.0,0.0
2010-12-14,0.2467,0.0,0.0,0.0
2010-12-15,0.238,0.0,0.0,0.0
2010-12-16,0.25,0.0,0.0,0.0
2010-12-17,0.24,0.0,0.0,0.0
2010-12-18,0.241,0.0,0.0,0.0
2010-12-19,0.2401,0.0,0.0,0.0
2010-12-20,0.267,0.0,0.0,0.0
2010-12-21,0.24,0.0,0.0,0.0
2010-12-22,0.25,0.0,0.0,0.0
2010-12-23,0.25,0.0,0.0,0.0
2010-12-24,0.248,0.0,0.0,0.0
2010-12-25,0.2499,0.0,0.0,0.0
2010-12-26,0.265,0.0,0.0,0.0
2010-12-27,0.265,0.0,0.0,0.0
2010-12-28,0.281,0.0,0.0,0.0
2010-12-29,0.3,0.0,0.0,0.0
2010-12-30,0.3,0.0,0.0,0.0
2010-12-31,0.3,0.0,0.0,0.0
2011-01-01,0.3,0.0,0.0,0.0
2011-01-02,0.3,0.0,0.0,0.0
2011-01-03,0.295,0.0,0.0,0.0
2011-01-04,0.2989,0.0,0.0,0.0
2011-01-05,0.299,0.0,0.0,0.0
2011-01-06,0.298,0.0,0.0,0.0
2011-01-07,0.32,0.0,0.0,0.0
2011-01-08,0.3229,0.0,0.0,0.0
2011-01-09,0.323,0.0,0.0,0.0
2011-01-10,0.3266,0.0,0.0,0.0
2011-01-11,0.3266,0.0,0.0,0.0
2011-01-12,0.3188,0.0,0.0,0.0
2011-01-13,0.3176,0.0,0.0,0.0
2011-01-14,0.4,0.0,0.0,0.0
2011-01-15,0.386,0.0,0.0,0.0
2011-01-16,0.3868,0.0,0.0,0.0
2011-01-17,0.3495,0.0,0.0,0.0
2011-01-18,0.313,0.0,0.0,0.0
2011-01-19,0.313,0.0,0.0,0.0
2011-01-20,0.39,0.0,0.0,0.0
2011-01-21,0.4199,0.0,0.0,0.0
2011-01-22,0.4443,0.0,0.0,0.0
2011-01-23,0.4424,0.0,0.0,0.0
2011-01-24,0.4199,0.0,0.0,0.0
2011-01-25,0.41,0.0,0.0,0.0
2011-01-26,0.417,0.0,0.0,0.0
2011-01-27,0.4212,0.0,0.0,0.0
2011-01-28,0.446,0.0,0.0,0.0
2011-01-29,0.439,0.0,0.0,0.0
2011-01-30,0.4799,0.0,0.0,0.0
2011-01-31,0.52,0.0,0.0,0.0
2011-02-01,0.7,0.0,0.0,0.0
2011-02-02,0.716,0.0,0.0,0.0
2011-02-03,0.69,0.0,0.0,0.0
2011-02-04,0.811,0.0,0.0,0.0
2011-02-05,0.92,0.0,0.0,0.0
2011-02-06,0.8997,0.0,0.0,0.0
2011-02-07,0.89,0.0,0.0,0.0
2011-02-08,0.918,0.0,0.0,0.0
2011-02-09,1.09,0.0,0.0,0.0
2011-02-10,0.9803,0.0,0.0,0.0
2011-02-11,1.07,0.0,0.0,0.0
2011-02-12,1.08,0.0,0.0,0.0
2011-02-13,1.05,0.0,0.0,0.0
2011-02-14,1.07,0.0,0.0,0.0
2011-02-15,1.05,0.0,0.0,0.0
2011-02-16,1.05,0.0,0.0,0.0
2011-02-17,1.04,0.0,0.0,0.0
2011-02-18,0.8989,0.0,0.0,0.0
2011-02-19,0.949,0.0,0.0,0.0
2011-02-20,0.85,0.0,0.0,0.0
2011-02-21,0.8345,0.0,0.0,0.0
2011-02-22,0.8702,0.0,0.0,0.0
2011-02-23,0.9,0.0,0.0,0.0
2011-02-24,0.9974,0.0,0.0,0.0
2011-02-25,0.9111,0.0,0.0,0.0
2011-02-26,0.958,0.0,0.0,0.0
2011-02-27,0.89,0.0,0.0,0.0
2011-02-28,0.86,0.0,0.0,0.0
2011-03-01,0.9202,0.0,0.0,0.0
2011-03-02,0.9399,0.0,0.0,0.0
2011-03-03,0.9391,0.0,0.0,0.0
2011-03-04,0.901,0.0,0.0,0.0
2011-03-05,0.9103,0.0,0.0,0.0
2011-03-06,0.8999,0.0,0.0,0.0
2011-03-07,0.885,0.0,0.0,0.0
2011-03-08,0.87,0.0,0.0,0.0
2011-03-09,0.8645,0.0,0.0,0.0
2011-03-10,0.9329,0.0,0.0,0.0
2011-03-11,0.88,0.0,0.0,0.0
2011-03-12,0.918,0.0,0.0,0.0
2011-03-13,0.8925,0.0,0.0,0.0
2011-03-14,0.8949,0.0,0.0,0.0
2011-03-15,0.87,0.0,0.0,0.0
2011-03-16,0.86,0.0,0.0,0.0
2011-03-17,0.8254,0.0,0.0,0.0
2011-03-18,0.8165,0.0,0.0,0.0
2011-03-19,0.765,0.0,0.0,0.0
2011-03-20,0.7411,0.0,0.0,0.0
2011-03-21,0.759,0.0,0.0,0.0
2011-03-22,0.809,0.0,0.0,0.0
2011-03-23,0.8497,0.0,0.0,0.0
2011-03-24,0.8669,0.0,0.0,0.0
2011-03-25,0.8838,0.0,0.0,0.0
2011-03-26,0.8552,0.0,0.0,0.0
2011-03-27,0.82,0.0,0.0,0.0
2011-03-28,0.799,0.0,0.0,0.0
2011-03-29,0.7925,0.0,0.0,0.0
2011-03-30,0.7897,0.0,0.0,0.0
2011-03-31,0.7846,0.0,0.0,0.0
2011-04-01,0.7741,0.0,0.0,0.0
2011-04-02,0.782,0.0,0.0,0.0
2011-04-03,0.779,0.0,0.0,0.0
2011-04-04,0.68,0.0,0.0,0.0
2011-04-05,0.71,0.0,0.0,0.0
2011-04-06,0.74,0.0,0.0,0.0
2011-04-07,0.7538,0.0,0.0,0.0
2011-04-08,0.75,0.0,0.0,0.0
2011-04-09,0.73,0.0,0.0,0.0
2011-04-10,0.7369,0.0,0.0,0.0
2011-04-11,0.77,0.0,0.0,0.0
2011-04-12,0.86,0.0,0.0,0.0
2011-04-13,0.9225,0.0,0.0,0.0
2011-04-14,1.0,0.0,0.0,0.0
2011-04-15,0.9899,0.0,0.0,0.0
2011-04-16,1.05,0.0,0.0,0.0
2011-04-17,1.11,0.0,0.0,0.0
2011-04-18,1.16,0.0,0.0,0.0
2011-04-19,1.2,0.0,0.0,0.0
2011-04-20,1.14,0.0,0.0,0.0
2011-04-21,1.21,0.0,0.0,0.0
2011-04-22,1.41,0.0,0.0,0.0
2011-04-23,1.7,0.0,0.0,0.0
2011-04-24,1.63,0.0,0.0,0.0
2011-04-25,1.56,0.0,0.0,0.0
2011-04-26,1.79,0.0,0.0,0.0
2011-04-27,1.9,0.0,0.0,0.0
2011-04-28,2.21,0.0,0.0,0.0
2011-04-29,2.88,0.0,0.0,0.0
2011-04-30,3.5,0.0,0.0,0.0
2011-05-01,3.03,0.0,0.0,0.0
2011-05-02,3.2,0.0,0.0,0.0
2011-05-03,3.41,0.0,0.0,0.0
2011-05-04,3.41,0.0,0.0,0.0
2011-05-05,3.33,0.0,0.0,0.0
2011-05-06,3.45,0.0,0.0,0.0
2011-05-07,3.64,0.0,0.0,0.0
2011-05-08,3.87,0.0,0.0,0.0
2011-05-09,3.8,0.0,0.0,0.0
2011-05-10,5.81,0.0,0.0,0.0
2011-05-11,5.5,0.0,0.0,0.0
2011-05-12,6.3,0.0,0.0,0.0
2011-05-13,8.2,0.0,0.0,0.0
2011-05-14,7.2,0.0,0.0,0.0
2011-05-15,6.99,0.0,0.0,0.0
2011-05-16,8.03,0.0,0.0,0.0
2011-05-17,7.19,0.0,0.0,0.0
2011-05-18,6.88,0.0,0.0,0.0
2011-05-19,6.81,0.0,0.0,0.0
2011-05-20,5.59,0.0,0.0,0.0
2011-05-21,6.12,0.0,0.0,0.0
2011-05-22,6.69,0.0,0.0,0.0
2011-05-23,7.15,0.0,0.0,0.0
2011-05-24,7.42,0.0,0.0,0.0
2011-05-25,8.4,0.0,0.0,0.0
2011-05-26,8.8,0.0,0.0,0.0
2011-05-27,8.5,0.0,0.0,0.0
2011-05-28,8.3,0.0,0.0,0.0
2011-05-29,8.43,0.0,0.0,0.0
2011-05-30,8.8,0.0,0.0,0.0
2011-05-31,8.74,0.0,0.0,0.0
2011-06-01,9.57,0.0,0.0,0.0
2011-06-02,10.6,0.0,0.0,0.0
2011-06-03,14.29,0.0,0.0,0.0
2011-06-04,18.89,0.0,0.0,0.0
2011-06-05,16.7,0.0,0.0,0.0
2011-06-06,18.55,0.0,0.0,0.0
2011-06-07,23.92,0.0,0.0,0.0
2011-06-08,29.6,0.0,0.0,0.0
2011-06-09,28.92,0.0,0.0,0.0
2011-06-10,23.95,0.0,0.0,0.0
2011-06-11,14.65,0.0,0.0,0.0
2011-06-12,18.55,0.0,0.0,0.0
2011-06-13,19.84,0.0,0.0,0.0
2011-06-14,19.28,0.0,0.0,0.0
2011-06-15,19.49,0.0,0.0,0.0
2011-06-16,17.0,0.0,0.0,0.0
2011-06-17,15.68,0.0,0.0,0.0
2011-06-18,16.89,0.0,0.0,0.0
2011-06-19,17.51,0.0,0.0,0.0
2011-06-20,17.51,0.0,0.0,0.0
2011-06-21,17.51,0.0,0.0,0.0
2011-06-22,17.51,0.0,0.0,0.0
2011-06-23,17.51,0.0,0.0,0.0
2011-06-24,17.51,0.0,0.0,0.0
2011-06-25,17.51,0.0,0.0,0.0
2011-06-26,16.45,0.0,0.0,0.0
2011-06-27,16.75,0.0,0.0,0.0
2011-06-28,16.95,0.0,0.0,0.0
2011-06-29,16.85,0.0,0.0,0.0
2011-06-30,16.1,0.0,0.0,0.0
2011-07-01,15.4,0.0,0.0,0.0
2011-07-02,15.4,0.0,0.0,0.0
2011-07-03,15.44,0.0,0.0,0.0
2011-07-04,13.86,0.0,0.0,0.0
2011-07-05,12.91,0.0,0.0,0.0
2011-07-06,14.78,0.0,0.0,0.0
2011-07-07,14.78,0.0,0.0,0.0
2011-07-08,14.31,0.0,0.0,0.0
2011-07-09,14.38,0.0,0.0,0.0
2011-07-10,14.9,0.0,0.0,0.0
2011-07-11,14.21,0.0,0.0,0.0
2011-07-12,14.01,0.0,0.0,0.0
2011-07-13,13.95,0.0,0.0,0.0
2011-07-14,13.99,0.0,0.0,0.0
2011-07-15,13.81,0.0,0.0,0.0
2011-07-16,13.72,0.0,0.0,0.0
2011-07-17,13.16,0.0,0.0,0.0
2011-07-18,13.48,0.0,0.0,0.0
2011-07-19,13.85,0.0,0.0,0.0
2011-07-20,13.69,0.0,0.0,0.0
2011-07-21,13.61,0.0,0.0,0.0
2011-07-22,13.7,0.0,0.0,0.0
2011-07-23,13.68,0.0,0.0,0.0
2011-07-24,13.98,0.0,0.0,0.0
2011-07-25,14.05,0.0,0.0,0.0
2011-07-26,13.88,0.0,0.0,0.0
2011-07-27,13.94,0.0,0.0,0.0
2011-07-28,13.49,0.0,0.0,0.0
2011-07-29,13.5,0.0,0.0,0.0
2011-07-30,13.53,0.0,0.0,0.0
2011-07-31,13.35,0.0,0.0,0.0
2011-08-01,13.09,0.0,0.0,0.0
2011-08-02,12.05,0.0,0.0,0.0
2011-08-03,9.26,0.0,0.0,0.0
2011-08-04,10.75,0.0,0.0,0.0
2011-08-05,9.8,0.0,0.0,0.0
2011-08-06,6.55,0.0,0.0,0.0
2011-08-07,7.9,0.0,0.0,0.0
2011-08-08,7.8,0.0,0.0,0.0
2011-08-09,9.99,0.0,0.0,0.0
2011-08-10,9.98,0.0,0.0,0.0
2011-08-11,9.46,0.0,0.0,0.0
2011-08-12,9.46,0.0,0.0,0.0
2011-08-13,10.13,0.0,0.0,0.0
2011-08-14,10.8,0.0,0.0,0.0
2011-08-15,11.15,0.0,0.0,0.0
2011-08-16,10.96,0.0,0.0,0.0
2011-08-17,10.95,0.0,0.0,0.0
2011-08-18,10.83,0.0,0.0,0.0
2011-08-19,11.65,0.0,0.0,0.0
2011-08-20,11.45,0.0,0.0,0.0
2011-08-21,11.31,0.0,0.0,0.0
2011-08-22,10.9,0.0,0.0,0.0
2011-08-23,10.94,0.0,0.0,0.0
2011-08-24,10.85,0.0,0.0,0.0
2011-08-25,9.66,0.0,0.0,0.0
2011-08-26,8.18,0.0,0.0,0.0
2011-08-27,8.59,0.0,0.0,0.0
2011-08-28,9.07,0.0,0.0,0.0
2011-08-29,8.97,0.0,0.0,0.0
2011-08-30,8.79,0.0,0.0,0.0
2011-08-31,8.2,0.0,0.0,0.0
2011-09-01,8.21,0.0,0.0,0.0
2011-09-02,8.64,0.0,0.0,0.0
2011-09-03,8.48,0.0,0.0,0.0
2011-09-04,8.18,0.0,0.0,0.0
2011-09-05,7.61,0.0,0.0,0.0
2011-09-06,6.86,0.0,0.0,0.0
2011-09-07,7.19,0.0,0.0,0.0
2011-09-08,6.53,0.0,0.0,0.0
2011-09-09,5.03,0.0,0.0,0.0
2011-09-10,4.77,0.0,0.0,0.0
2011-09-11,5.86,0.0,0.0,0.0
2011-09-12,6.08,0.0,0.0,0.0
2011-09-13,5.8,0.0,0.0,0.0
2011-09-14,5.62,0.0,0.0,0.0
2011-09-15,4.84,0.0,0.0,0.0
2011-09-16,4.82,0.0,0.0,0.0
2011-09-17,4.77,0.0,0.0,0.0
2011-09-18,5.2,0.0,0.0,0.0
2011-09-19,5.46,0.0,0.0,0.0
2011-09-20,6.11,0.0,0.0,0.0
2011-09-21,5.61,0.0,0.0,0.0
2011-09-22,5.43,0.0,0.0,0.0
2011-09-23,5.55,0.0,0.0,0.0
2011-09-24,5.47,0.0,0.0,0.0
2011-09-25,5.33,0.0,0.0,0.0
2011-09-26,4.87,0.0,0.0,0.0
2011-09-27,4.92,0.0,0.0,0.0
2011-09-28,4.77,0.0,0.0,0.0
2011-09-29,4.78,0.0,0.0,0.0
2011-09-30,5.14,0.0,0.0,0.0
2011-10-01,5.03,0.0,0.0,0.0
2011-10-02,5.03,0.0,0.0,0.0
2011-10-03,5.02,0.0,0.0,0.0
2011-10-04,4.96,0.0,0.0,0.0
2011-10-05,4.87,0.0,0.0,0.0
2011-10-06,4.73,0.0,0.0,0.0
2011-10-07,4.27,0.0,0.0,0.0
2011-10-08,4.01,0.0,0.0,0.0
2011-10-09,4.1,0.0,0.0,0.0
2011-10-10,4.1,0.0,0.0,0.0
2011-10-11,3.93,0.0,0.0,0.0
2011-10-12,4.15,0.0,0.0,0.0
2011-10-13,4.05,0.0,0.0,0.0
2011-10-14,3.99,0.0,0.0,0.0
2011-10-15,3.84,0.0,0.0,0.0
2011-10-16,3.56,0.0,0.0,0.0
2011-10-17,2.56,0.0,0.0,0.0
2011-10-18,2.42,0.0,0.0,0.0
2011-10-19,2.27,0.0,0.0,0.0
2011-10-20,2.35,0.0,0.0,0.0
2011-10-21,2.57,0.0,0.0,0.0
2011-10-22,3.16,0.0,0.0,0.0
2011-10-23,3.17,0.0,0.0,0.0
2011-10-24,2.55,0.0,0.0,0.0
2011-10-25,2.77,0.0,0.0,0.0
2011-10-26,2.77,0.0,0.0,0.0
2011-10-27,3.04,0.0,0.0,0.0
2011-10-28,3.19,0.0,0.0,0.0
2011-10-29,3.58,0.0,0.0,0.0
2011-10-30,3.27,0.0,0.0,0.0
2011-10-31,3.25,0.0,0.0,0.0
2011-11-01,3.15,0.0,0.0,0.0
2011-11-02,3.25,0.0,0.0,0.0
2011-11-03,3.15,0.0,0.0,0.0
2011-11-04,3.11,0.0,0.0,0.0
2011-11-05,2.97,0.0,0.0,0.0
2011-11-06,2.96,0.0,0.0,0.0
2011-11-07,3.01,0.0,0.0,0.0
2011-11-08,3.04,0.0,0.0,0.0
2011-11-09,2.95,0.0,0.0,0.0
2011-11-10,2.84,0.0,0.0,0.0
2011-11-11,3.08,0.0,0.0,0.0
2011-11-12,3.03,0.0,0.0,0.0
2011-11-13,3.0,0.0,0.0,0.0
2011-11-14,2.22,0.0,0.0,0.0
2011-11-15,2.33,0.0,0.0,0.0
2011-11-16,2.56,0.0,0.0,0.0
2011-11-17,2.25,0.0,0.0,0.0
2011-11-18,2.05,0.0,0.0,0.0
2011-11-19,2.2,0.0,0.0,0.0
2011-11-20,2.2,0.0,0.0,0.0
2011-11-21,2.29,0.0,0.0,0.0
2011-11-22,2.33,0.0,0.0,0.0
2011-11-23,2.33,0.0,0.0,0.0
2011-11-24,2.43,0.0,0.0,0.0
2011-11-25,2.51,0.0,0.0,0.0
2011-11-26,2.47,0.0,0.0,0.0
2011-11-27,2.48,0.0,0.0,0.0
2011-11-28,2.55,0.0,0.0,0.0
2011-11-29,2.75,0.0,0.0,0.0
2011-11-30,2.97,0.0,0.0,0.0
2011-12-01,3.06,0.0,0.0,0.0
2011-12-02,3.12,0.0,0.0,0.0
2011-12-03,2.79,0.0,0.0,0.0
2011-12-04,2.83,0.0,0.0,0.0
2011-12-05,2.88,0.0,0.0,0.0
2011-12-06,3.03,0.0,0.0,0.0
2011-12-07,2.99,0.0,0.0,0.0
2011-12-08,2.98,0.0,0.0,0.0
2011-12-09,2.97,0.0,0.0,0.0
2011-12-10,3.05,0.0,0.0,0.0
2011-12-11,3.25,0.0,0.0,0.0
2011-12-12,3.14,0.0,0.0,0.0
2011-12-13,3.25,0.0,0.0,0.0
2011-12-14,3.15,0.0,0.0,0.0
2011-12-15,3.2,0.0,0.0,0.0
2011-12-16,3.2,0.0,0.0,0.0
2011-12-17,3.2,0.0,0.0,0.0
2011-12-18,3.19,0.0,0.0,0.0
2011-12-19,3.52,0.0,0.0,0.0
2011-12-20,3.95,0.0,0.0,0.0
2011-12-21,3.89,0.0,0.0,0.0
2011-12-22,3.89,0.0,0.0,0.0
2011-12-23,3.95,0.0,0.0,0.0
2011-12-24,3.94,0.0,0.0,0.0
2011-12-25,4.22,0.0,0.0,0.0
2011-12-26,4.02,0.0,0.0,0.0
2011-12-27,4.07,0.0,0.0,0.0
2011-12-28,4.19,0.0,0.0,0.0
2011-12-29,4.17,0.0,0.0,0.0
2011-12-30,4.25,0.0,0.0,0.0
2011-12-31,4.72,0.0,0.0,0.0
2012-01-01,5.27,0.0,0.0,0.0
2012-01-02,5.22,0.0,0.0,0.0
2012-01-03,4.88,0.0,0.0,0.0
2012-01-04,5.57,0.0,0.0,0.0
2012-01-05,6.95,0.0,0.0,0.0
2012-01-06,6.7,0.0,0.0,0.0
2012-01-07,6.81,0.0,0.0,0.0
2012-01-08,7.11,0.0,0.0,0.0
2012-01-09,6.33,0.0,0.0,0.0
2012-01-10,6.36,0.0,0.0,0.0
2012-01-11,6.9,0.0,0.0,0.0
2012-01-12,6.8,0.0,0.0,0.0
2012-01-13,6.41,0.0,0.0,0.0
2012-01-14,6.75,0.0,0.0,0.0
2012-01-15,7.0,0.0,0.0,0.0
2012-01-16,6.68,0.0,0.0,0.0
2012-01-17,5.6,0.0,0.0,0.0
2012-01-18,5.92,0.0,0.0,0.0
2012-01-19,6.36,0.0,0.0,0.0
2012-01-20,6.49,0.0,0.0,0.0
2012-01-21,6.18,0.0,0.0,0.0
2012-01-22,6.31,0.0,0.0,0.0
2012-01-23,6.36,0.0,0.0,0.0
2012-01-24,6.29,0.0,0.0,0.0
2012-01-25,5.75,0.0,0.0,0.0
2012-01-26,5.34,0.0,0.0,0.0
2012-01-27,5.29,0.0,0.0,0.0
2012-01-28,5.63,0.0,0.0,0.0
2012-01-29,5.38,0.0,0.0,0.0
2012-01-30,5.49,0.0,0.0,0.0
2012-01-31,5.48,0.0,0.0,0.0
2012-02-01,6.08,0.0,0.0,0.0
2012-02-02,6.1,0.0,0.0,0.0
2012-02-03,5.96,0.0,0.0,0.0
2012-02-04,5.87,0.0,0.0,0.0
2012-02-05,5.69,0.0,0.0,0.0
2012-02-06,5.45,0.0,0.0,0.0
2012-02-07,5.69,0.0,0.0,0.0
2012-02-08,5.6,0.0,0.0,0.0
2012-02-09,5.83,0.0,0.0,0.0
2012-02-10,5.91,0.0,0.0,0.0
2012-02-11,5.6,0.0,0.0,0.0
2012-02-12,5.51,0.0,0.0,0.0
2012-02-13,5.26,0.0,0.0,0.0
2012-02-14,4.46,0.0,0.0,0.0
2012-02-15,4.33,0.0,0.0,0.0
2012-02-16,4.27,0.0,0.0,0.0
2012-02-17,4.41,0.0,0.0,0.0
2012-02-18,4.22,0.0,0.0,0.0
2012-02-19,4.39,0.0,0.0,0.0
2012-02-20,4.36,0.0,0.0,0.0
2012-02-21,4.27,0.0,0.0,0.0
2012-02-22,4.42,0.0,0.0,0.0
2012-02-23,5.01,0.0,0.0,0.0
2012-02-24,5.03,0.0,0.0,0.0
2012-02-25,4.77,0.0,0.0,0.0
2012-02-26,4.92,0.0,0.0,0.0
2012-02-27,4.96,0.0,0.0,0.0
2012-02-28,4.87,0.0,0.0,0.0
2012-02-29,4.86,0.0,0.0,0.0
2012-03-01,4.92,0.0,0.0,0.0
2012-03-02,4.7,0.0,0.0,0.0
2012-03-03,4.61,0.0,0.0,0.0
2012-03-04,4.82,0.0,0.0,0.0
2012-03-05,4.98,0.0,0.0,0.0
2012-03-06,4.99,0.0,0.0,0.0
2012-03-07,4.94,0.0,0.0,0.0
2012-03-08,4.93,0.0,0.0,0.0
2012-03-09,4.86,0.0,0.0,0.0
2012-03-10,4.83,0.0,0.0,0.0
2012-03-11,4.91,0.0,0.0,0.0
2012-03-12,4.89,0.0,0.0,0.0
2012-03-13,5.27,0.0,0.0,0.0
2012-03-14,5.38,0.0,0.0,0.0
2012-03-15,5.33,0.0,0.0,0.0
2012-03-16,5.34,0.0,0.0,0.0
2012-03-17,5.22,0.0,0.0,0.0
2012-03-18,5.28,0.0,0.0,0.0
2012-03-19,4.69,0.0,0.0,0.0
2012-03-20,4.84,0.0,0.0,0.0
2012-03-21,4.81,0.0,0.0,0.0
2012-03-22,4.7,0.0,0.0,0.0
2012-03-23,4.69,0.0,0.0,0.0
2012-03-24,4.68,0.0,0.0,0.0
2012-03-25,4.55,0.0,0.0,0.0
2012-03-26,4.62,0.0,0.0,0.0
2012-03-27,4.81,0.0,0.0,0.0
2012-03-28,4.79,0.0,0.0,0.0
2012-03-29,4.81,0.0,0.0,0.0
2012-03-30,4.86,0.0,0.0,0.0
2012-03-31,4.91,0.0,0.0,0.0
2012-04-01,4.83,0.0,0.0,0.0
2012-04-02,4.97,0.0,0.0,0.0
2012-04-03,4.95,0.0,0.0,0.0
2012-04-04,4.91,0.0,0.0,0.0
2012-04-05,4.92,0.0,0.0,0.0
2012-04-06,4.95,0.0,0.0,0.0
2012-04-07,4.69,0.0,0.0,0.0
2012-04-08,4.79,0.0,0.0,0.0
2012-04-09,4.87,0.0,0.0,0.0
2012-04-10,4.84,0.0,0.0,0.0
2012-04-11,4.93,0.0,0.0,0.0
2012-04-12,4.92,0.0,0.0,0.0
2012-04-13,4.94,0.0,0.0,0.0
2012-04-14,4.96,0.0,0.0,0.0
2012-04-15,4.97,0.0,0.0,0.0
2012-04-16,4.93,0.0,0.0,0.0
2012-04-17,4.98,0.0,0.0,0.0
2012-04-18,5.12,0.0,0.0,0.0
2012-04-19,5.14,0.0,0.0,0.0
2012-04-20,5.35,0.0,0.0,0.0
2012-04-21,5.26,0.0,0.0,0.0
2012-04-22,5.2,0.0,0.0,0.0
2012-04-23,4.96,0.0,0.0,0.0
2012-04-24,5.1,0.0,0.0,0.0
2012-04-25,5.13,0.0,0.0,0.0
2012-04-26,5.1,0.0,0.0,0.0
2012-04-27,5.11,0.0,0.0,0.0
2012-04-28,4.98,0.0,0.0,0.0
2012-04-29,4.9,0.0,0.0,0.0
2012-04-30,4.95,0.0,0.0,0.0
2012-05-01,5.0,0.0,0.0,0.0
2012-05-02,5.07,0.0,0.0,0.0
2012-05-03,5.13,0.0,0.0,0.0
2012-05-04,5.07,0.0,0.0,0.0
2012-05-05,5.08,0.0,0.0,0.0
2012-05-06,5.05,0.0,0.0,0.0
2012-05-07,5.06,0.0,0.0,0.0
2012-05-08,5.05,0.0,0.0,0.0
2012-05-09,5.04,0.0,0.0,0.0
2012-05-10,4.85,0.0,0.0,0.0
2012-05-11,4.96,0.0,0.0,0.0
2012-05-12,4.95,0.0,0.0,0.0
2012-05-13,4.93,0.0,0.0,0.0
2012-05-14,5.01,0.0,0.0,0.0
2012-05-15,5.04,0.0,0.0,0.0
2012-05-16,5.09,0.0,0.0,0.0
2012-05-17,5.1,0.0,0.0,0.0
2012-05-18,5.12,0.0,0.0,0.0
2012-05-19,5.1,0.0,0.0,0.0
2012-05-20,5.09,0.0,0.0,0.0
2012-05-21,5.1,0.0,0.0,0.0
2012-05-22,5.1,0.0,0.0,0.0
2012-05-23,5.14,0.0,0.0,0.0
2012-05-24,5.12,0.0,0.0,0.0
2012-05-25,5.15,0.0,0.0,0.0
2012-05-26,5.1,0.0,0.0,0.0
2012-05-27,5.14,0.0,0.0,0.0
2012-05-28,5.14,0.0,0.0,0.0
2012-05-29,5.15,0.0,0.0,0.0
2012-05-30,5.14,0.0,0.0,0.0
2012-05-31,5.18,0.0,0.0,0.0
2012-06-01,5.27,0.0,0.0,0.0
2012-06-02,5.25,0.0,0.0,0.0
2012-06-03,5.21,0.0,0.0,0.0
2012-06-04,5.27,0.0,0.0,0.0
2012-06-05,5.44,0.0,0.0,0.0
2012-06-06,5.46,0.0,0.0,0.0
2012-06-07,5.59,0.0,0.0,0.0
2012-06-08,5.63,0.0,0.0,0.0
2012-06-09,5.56,0.0,0.0,0.0
2012-06-10,5.47,0.0,0.0,0.0
2012-06-11,5.57,0.0,0.0,0.0
2012-06-12,5.7,0.0,0.0,0.0
2012-06-13,5.93,0.0,0.0,0.0
2012-06-14,5.95,0.0,0.0,0.0
2012-06-15,6.5,0.0,0.0,0.0
2012-06-16,6.4,0.0,0.0,0.0
2012-06-17,6.16,0.0,0.0,0.0
2012-06-18,6.31,0.0,0.0,0.0
2012-06-19,6.5,0.0,0.0,0.0
2012-06-20,6.67,0.0,0.0,0.0
2012-06-21,6.68,0.0,0.0,0.0
2012-06-22,6.55,0.0,0.0,0.0
2012-06-23,6.43,0.0,0.0,0.0
2012-06-24,6.35,0.0,0.0,0.0
2012-06-25,6.3,0.0,0.0,0.0
2012-06-26,6.42,0.0,0.0,0.0
2012-06-27,6.65,0.0,0.0,0.0
2012-06-28,6.61,0.0,0.0,0.0
2012-06-29,6.65,0.0,0.0,0.0
2012-06-30,6.69,0.0,0.0,0.0
2012-07-01,6.63,0.0,0.0,0.0
2012-07-02,6.76,0.0,0.0,0.0
2012-07-03,6.45,0.0,0.0,0.0
2012-07-04,6.51,0.0,0.0,0.0
2012-07-05,6.67,0.0,0.0,0.0
2012-07-06,6.65,0.0,0.0,0.0
2012-07-07,6.76,0.0,0.0,0.0
2012-07-08,6.8,0.0,0.0,0.0
2012-07-09,7.02,0.0,0.0,0.0
2012-07-10,7.2,0.0,0.0,0.0
2012-07-11,7.15,0.0,0.0,0.0
2012-07-12,7.76,0.0,0.0,0.0
2012-07-13,7.67,0.0,0.0,0.0
2012-07-14,7.54,0.0,0.0,0.0
2012-07-15,7.62,0.0,0.0,0.0
2012-07-16,8.5,0.0,0.0,0.0
2012-07-17,8.8,0.0,0.0,0.0
2012-07-18,9.11,0.0,0.0,0.0
2012-07-19,8.87,0.0,0.0,0.0
2012-07-20,8.52,0.0,0.0,0.0
2012-07-21,8.85,0.0,0.0,0.0
2012-07-22,8.41,0.0,0.0,0.0
2012-07-23,8.45,0.0,0.0,0.0
2012-07-24,8.6,0.0,0.0,0.0
2012-07-25,8.8,0.0,0.0,0.0
2012-07-26,8.9,0.0,0.0,0.0
2012-07-27,8.9,0.0,0.0,0.0
2012-07-28,8.89,0.0,0.0,0.0
2012-07-29,8.71,0.0,0.0,0.0
2012-07-30,9.1,0.0,0.0,0.0
2012-07-31,9.35,0.0,0.0,0.0
2012-08-01,9.55,0.0,0.0,0.0
2012-08-02,10.53,0.0,0.0,0.0
2012-08-03,10.97,0.0,0.0,0.0
2012-08-04,10.98,0.0,0.0,0.0
2012-08-05,10.87,0.0,0.0,0.0
2012-08-06,10.86,0.0,0.0,0.0
2012-08-07,11.1,0.0,0.0,0.0
2012-08-08,11.06,0.0,0.0,0.0
2012-08-09,11.06,0.0,0.0,0.0
2012-08-10,11.39,0.0,0.0,0.0
2012-08-11,11.51,0.0,0.0,0.0
2012-08-12,11.62,0.0,0.0,0.0
2012-08-13,12.04,0.0,0.0,0.0
2012-08-14,12.19,0.0,0.0,0.0
2012-08-15,13.25,0.0,0.0,0.0
2012-08-16,13.5,0.0,0.0,0.0
2012-08-17,11.58,0.0,0.0,0.0
2012-08-18,11.61,0.0,0.0,0.0
2012-08-19,8.0,0.0,0.0,0.0
2012-08-20,10.1,0.0,0.0,0.0
2012-08-21,9.92,0.0,0.0,0.0
2012-08-22,9.81,0.0,0.0,0.0
2012-08-23,10.1,0.0,0.0,0.0
2012-08-24,10.6,0.0,0.0,0.0
2012-08-25,10.52,0.0,0.0,0.0
2012-08-26,10.61,0.0,0.0,0.0
2012-08-27,10.95,0.0,0.0,0.0
2012-08-28,10.94,0.0,0.0,0.0
2012-08-29,10.92,0.0,0.0,0.0
2012-08-30,10.78,0.0,0.0,0.0
2012-08-31,10.16,0.0,0.0,0.0
2012-09-01,9.97,0.0,0.0,0.0
2012-09-02,10.2,0.0,0.0,0.0
2012-09-03,10.53,0.0,0.0,0.0
2012-09-04,10.38,0.0,0.0,0.0
2012-09-05,11.0,0.0,0.0,0.0
2012-09-06,11.18,0.0,0.0,0.0
2012-09-07,11.0,0.0,0.0,0.0
2012-09-08,11.04,0.0,0.0,0.0
2012-09-09,11.02,0.0,0.0,0.0
2012-09-10,11.17,0.0,0.0,0.0
2012-09-11,11.33,0.0,0.0,0.0
2012-09-12,11.36,0.0,0.0,0.0
2012-09-13,11.4,0.0,0.0,0.0
2012-09-14,11.67,0.0,0.0,0.0
2012-09-15,11.75,0.0,0.0,0.0
2012-09-16,11.87,0.0,0.0,0.0
2012-09-17,11.89,0.0,0.0,0.0
2012-09-18,12.25,0.0,0.0,0.0
2012-09-19,12.57,0.0,0.0,0.0
2012-09-20,12.28,0.0,0.0,0.0
2012-09-21,12.37,0.0,0.0,0.0
2012-09-22,12.24,0.0,0.0,0.0
2012-09-23,12.19,0.0,0.0,0.0
2012-09-24,12.1,0.0,0.0,0.0
2012-09-25,12.2,0.0,0.0,0.0
2012-09-26,12.27,0.0,0.0,0.0
2012-09-27,12.31,0.0,0.0,0.0
2012-09-28,12.39,0.0,0.0,0.0
2012-09-29,12.36,0.0,0.0,0.0
2012-09-30,12.4,0.0,0.0,0.0
2012-10-01,12.4,0.0,0.0,0.0
2012-10-02,12.84,0.0,0.0,0.0
2012-10-03,12.89,0.0,0.0,0.0
2012-10-04,12.85,0.0,0.0,0.0
2012-10-05,12.69,0.0,0.0,0.0
2012-10-06,12.51,0.0,0.0,0.0
2012-10-07,11.8,0.0,0.0,0.0
2012-10-08,11.78,0.0,0.0,0.0
2012-10-09,11.9,0.0,0.0,0.0
2012-10-10,12.12,0.0,0.0,0.0
2012-10-11,12.03,0.0,0.0,0.0
2012-10-12,12.0,0.0,0.0,0.0
2012-10-13,11.86,0.0,0.0,0.0
2012-10-14,11.74,0.0,0.0,0.0
2012-10-15,11.84,0.0,0.0,0.0
2012-10-16,11.85,0.0,0.0,0.0
2012-10-17,11.81,0.0,0.0,0.0
2012-10-18,11.94,0.0,0.0,0.0
2012-10-19,11.74,0.0,0.0,0.0
2012-10-20,11.74,0.0,0.0,0.0
2012-10-21,11.63,0.0,0.0,0.0
2012-10-22,11.71,0.0,0.0,0.0
2012-10-23,11.65,0.0,0.0,0.0
2012-10-24,11.65,0.0,0.0,0.0
2012-10-25,10.86,0.0,0.0,0.0
2012-10-26,10.17,0.0,0.0,0.0
2012-10-27,10.26,0.0,0.0,0.0
2012-10-28,10.7,0.0,0.0,0.0
2012-10-29,10.6,0.0,0.0,0.0
2012-10-30,10.89,0.0,0.0,0.0
2012-10-31,11.2,0.0,0.0,0.0
2012-11-01,10.57,0.0,0.0,0.0
2012-11-02,10.47,0.0,0.0,0.0
2012-11-03,10.64,0.0,0.0,0.0
2012-11-04,10.8,0.0,0.0,0.0
2012-11-05,10.75,0.0,0.0,0.0
2012-11-06,10.9,0.0,0.0,0.0
2012-11-07,10.92,0.0,0.0,0.0
2012-11-08,10.93,0.0,0.0,0.0
2012-11-09,10.82,0.0,0.0,0.0
2012-11-10,10.89,0.0,0.0,0.0
2012-11-11,10.87,0.0,0.0,0.0
2012-11-12,11.01,0.0,0.0,0.0
2012-11-13,10.95,0.0,0.0,0.0
2012-11-14,10.95,0.0,0.0,0.0
2012-11-15,11.2,0.0,0.0,0.0
2012-11-16,11.75,0.0,0.0,0.0
2012-11-17,11.79,0.0,0.0,0.0
2012-11-18,11.65,0.0,0.0,0.0
2012-11-19,11.8,0.0,0.0,0.0
2012-11-20,11.73,0.0,0.0,0.0
2012-11-21,11.77,0.0,0.0,0.0
2012-11-22,12.42,0.0,0.0,0.0
2012-11-23,12.35,0.0,0.0,0.0
2012-11-24,12.41,0.0,0.0,0.0
2012-11-25,12.48,0.0,0.0,0.0
2012-11-26,12.25,0.0,0.0,0.0
2012-11-27,12.2,0.0,0.0,0.0
2012-11-28,12.35,0.0,0.0,0.0
2012-11-29,12.45,0.0,0.0,0.0
2012-11-30,12.57,0.0,0.0,0.0
2012-12-01,12.56,0.0,0.0,0.0
2012-12-02,12.5,0.0,0.0,0.0
2012-12-03,12.68,0.0,0.0,0.0
2012-12-04,13.41,0.0,0.0,0.0
2012-12-05,13.38,0.0,0.0,0.0
2012-12-06,13.3,0.0,0.0,0.0
2012-12-07,13.5,0.0,0.0,0.0
2012-12-08,13.42,0.0,0.0,0.0
2012-12-09,13.39,0.0,0.0,0.0
2012-12-10,13.43,0.0,0.0,0.0
2012-12-11,13.56,0.0,0.0,0.0
2012-12-12,13.7,0.0,0.0,0.0
2012-12-13,13.7,0.0,0.0,0.0
2012-12-14,13.6,0.0,0.0,0.0
2012-12-15,13.49,0.0,0.0,0.0
2012-12-16,13.3,0.0,0.0,0.0
2012-12-17,13.25,0.0,0.0,0.0
2012-12-18,13.3,0.0,0.0,0.0
2012-12-19,13.6,0.0,0.0,0.0
2012-12-20,13.52,0.0,0.0,0.0
2012-12-21,13.5,0.0,0.0,0.0
2012-12-22,13.37,0.0,0.0,0.0
2012-12-23,13.31,0.0,0.0,0.0
2012-12-24,13.38,0.0,0.0,0.0
2012-12-25,13.35,0.0,0.0,0.0
2012-12-26,13.47,0.0,0.0,0.0
2012-12-27,13.42,0.0,0.0,0.0
2012-12-28,13.42,0.0,0.0,0.0
2012-12-29,13.4,0.0,0.0,0.0
2012-12-30,13.45,0.0,0.0,0.0
2012-12-31,13.51,0.0,0.0,0.0
2013-01-01,13.3,0.0,0.0,0.0
2013-01-02,13.28,0.0,0.0,0.0
2013-01-03,13.4,0.0,0.0,0.0
2013-01-04,13.5,0.0,0.0,0.0
2013-01-05,13.44,0.0,0.0,0.0
2013-01-06,13.45,0.0,0.0,0.0
2013-01-07,13.59,0.0,0.0,0.0
2013-01-08,13.74,0.0,0.0,0.0
2013-01-09,13.77,0.0,0.0,0.0
2013-01-10,14.14,0.0,0.0,0.0
2013-01-11,14.14,0.0,0.0,0.0
2013-01-12,14.24,0.0,0.0,0.0
2013-01-13,14.12,0.0,0.0,0.0
2013-01-14,14.3,0.0,0.0,0.0
2013-01-15,14.25,0.0,0.0,0.0
2013-01-16,14.73,0.0,0.0,0.0
2013-01-17,15.5,0.0,0.0,0.0
2013-01-18,15.7,0.0,0.0,0.0
2013-01-19,15.62,0.0,0.0,0.0
2013-01-20,15.7,0.0,0.0,0.0
2013-01-21,16.8,0.0,0.0,0.0
2013-01-22,17.26,0.0,0.0,0.0
2013-01-23,17.5,0.0,0.0,0.0
2013-01-24,16.9,0.0,0.0,0.0
2013-01-25,17.4,0.0,0.0,0.0
2013-01-26,17.88,0.0,0.0,0.0
2013-01-27,17.82,0.0,0.0,0.0
2013-01-28,18.72,0.0,0.0,0.0
2013-01-29,19.53,0.0,0.0,0.0
2013-01-30,19.7,0.0,0.0,0.0
2013-01-31,20.41,0.0,0.0,0.0
2013-02-01,20.5,0.0,0.0,0.0
2013-02-02,19.63,0.0,0.0,0.0
2013-02-03,20.59,0.0,0.0,0.0
2013-02-04,20.43,0.0,0.0,0.0
2013-02-05,20.6,0.0,0.0,0.0
2013-02-06,21.18,0.0,0.0,0.0
2013-02-07,22.15,0.0,0.0,0.0
2013-02-08,22.66,0.0,0.0,0.0
2013-02-09,23.65,0.0,0.0,0.0
2013-02-10,23.97,0.0,0.0,0.0
2013-02-11,24.65,0.0,0.0,0.0
2013-02-12,25.17,0.0,0.0,0.0
2013-02-13,24.2,0.0,0.0,0.0
2013-02-14,27.22,0.0,0.0,0.0
2013-02-15,27.1,0.0,0.0,0.0
2013-02-16,27.22,0.0,0.0,0.0
2013-02-17,26.81,0.0,0.0,0.0
2013-02-18,26.95,0.0,0.0,0.0
2013-02-19,29.42,0.0,0.0,0.0
2013-02-20,29.65,0.0,0.0,0.0
2013-02-21,29.75,0.0,0.0,0.0
2013-02-22,30.25,0.0,0.0,0.0
2013-02-23,29.8,0.0,0.0,0.0
2013-02-24,29.89,0.0,0.0,0.0
2013-02-25,30.4,0.0,0.0,0.0
2013-02-26,31.1,0.0,0.0,0.0
2013-02-27,30.9,0.0,0.0,0.0
2013-02-28,33.38,0.0,0.0,0.0
2013-03-01,34.5,0.0,0.0,0.0
2013-03-02,34.25,0.0,0.0,0.0
2013-03-03,34.5,0.0,0.0,0.0
2013-03-04,36.15,0.0,0.0,0.0
2013-03-05,40.33,0.0,0.0,0.0
2013-03-06,41.02,0.0,0.0,0.0
2013-03-07,42.0,0.0,0.0,0.0
2013-03-08,44.18,0.0,0.0,0.0
2013-03-09,46.85,0.0,0.0,0.0
2013-03-10,46.0,0.0,0.0,0.0
2013-03-11,48.4,0.0,0.0,0.0
2013-03-12,44.29,0.0,0.0,0.0
2013-03-13,46.92,0.0,0.0,0.0
2013-03-14,47.17,0.0,0.0,0.0
2013-03-15,46.95,0.0,0.0,0.0
2013-03-16,47.0,0.0,0.0,0.0
2013-03-17,47.4,0.0,0.0,0.0
2013-03-18,51.6,0.0,0.0,0.0
2013-03-19,59.14,0.0,0.0,0.0
2013-03-20,64.49,0.0,0.0,0.0
2013-03-21,70.85,0.0,0.0,0.0
2013-03-22,69.87,0.0,0.0,0.0
2013-03-23,64.35,0.0,0.0,0.0
2013-03-24,71.5,0.0,0.0,0.0
2013-03-25,73.6,0.0,0.0,0.0
2013-03-26,78.5,0.0,0.0,0.0
2013-03-27,88.92,0.0,0.0,0.0
2013-03-28,86.18,0.0,0.0,0.0
2013-03-29,90.5,0.0,0.0,0.0
2013-03-30,92.19,0.0,0.0,0.0
2013-03-31,93.03,0.0,0.0,0.0
2013-04-01,104.0,0.0,0.0,0.0
2013-04-02,117.98,0.0,0.0,0.0
2013-04-03,135.0,0.0,0.0,0.0
2013-04-04,132.12,0.0,0.0,0.0
2013-04-05,142.32,0.0,0.0,0.0
2013-04-06,142.63,0.0,0.0,0.0
2013-04-07,162.3,0.0,0.0,0.0
2013-04-08,187.5,0.0,0.0,0.0
2013-04-09,230.0,0.0,0.0,0.0
2013-04-10,165.0,0.0,0.0,0.0
2013-04-11,124.9,0.0,0.0,0.0
2013-04-12,117.0,0.0,0.0,0.0
2013-04-13,93.0,0.0,0.0,0.0
2013-04-14,90.0,0.0,0.0,0.0
2013-04-15,82.39,0.0,0.0,0.0
2013-04-16,68.36,0.0,0.0,0.0
2013-04-17,93.07,0.0,0.0,0.0
2013-04-18,109.01,0.0,0.0,0.0
2013-04-19,118.48,0.0,0.0,0.0
2013-04-20,126.62,0.0,0.0,0.0
2013-04-21,119.2,0.0,0.0,0.0
2013-04-22,127.4,0.0,0.0,0.0
2013-04-23,143.48,0.0,0.0,0.0
2013-04-24,154.2,0.0,0.0,0.0
2013-04-25,141.71,0.0,0.0,0.0
2013-04-26,136.9,0.0,0.0,0.0
2013-04-27,128.0,0.0,0.0,0.0
2013-04-28,134.44,0.0,0.0,0.0
2013-04-29,144.0,0.0,0.0,0.0
2013-04-30,139.23,0.0,0.0,0.0
2013-05-01,116.38,0.0,0.0,0.0
2013-05-02,106.25,0.0,0.0,0.0
2013-05-03,98.1,0.0,0.0,0.0
2013-05-04,112.9,0.0,0.0,0.0
2013-05-05,115.98,0.0,0.0,0.0
2013-05-06,112.25,0.0,0.0,0.0
2013-05-07,109.6,0.0,0.0,0.0
2013-05-08,113.2,0.0,0.0,0.0
2013-05-09,112.8,0.0,0.0,0.0
2013-05-10,117.7,0.0,0.0,0.0
2013-05-11,115.64,0.0,0.0,0.0
2013-05-12,114.82,0.0,0.0,0.0
2013-05-13,117.98,0.0,0.0,0.0
2013-05-14,111.4,0.0,0.0,0.0
2013-05-15,114.22,0.0,0.0,0.0
2013-05-16,118.21,0.0,0.0,0.0
2013-05-17,123.5,0.0,0.0,0.0
2013-05-18,123.21,0.0,0.0,0.0
2013-05-19,122.5,0.0,0.0,0.0
2013-05-20,122.02,0.0,0.0,0.0
2013-05-21,122.89,0.0,0.0,0.0
2013-05-22,123.8,0.0,0.0,0.0
2013-05-23,126.3,0.0,0.0,0.0
2013-05-24,133.1,0.0,0.0,0.0
2013-05-25,131.99,0.0,0.0,0.0
2013-05-26,133.5,0.0,0.0,0.0
2013-05-27,129.77,0.0,0.0,0.0
2013-05-28,129.0,0.0,0.0,0.0
2013-05-29,132.25,0.0,0.0,0.0
2013-05-30,128.8,0.0,0.0,0.0
2013-05-31,128.82,0.0,0.0,0.0
2013-06-01,129.3,0.0,0.0,0.0
2013-06-02,122.5,0.0,0.0,0.0
2013-06-03,120.74,0.0,0.0,0.0
2013-06-04,121.4,0.0,0.0,0.0
2013-06-05,121.9,0.0,0.0,0.0
2013-06-06,118.97,0.0,0.0,0.0
2013-06-07,111.0,0.0,0.0,0.0
2013-06-08,107.89,0.0,0.0,0.0
2013-06-09,100.44,0.0,0.0,0.0
2013-06-10,106.35,0.0,0.0,0.0
2013-06-11,109.0,0.0,0.0,0.0
2013-06-12,108.78,0.0,0.0,0.0
2013-06-13,103.95,0.0,0.0,0.0
2013-06-14,100.0,0.0,0.0,0.0
2013-06-15,99.8,0.0,0.0,0.0
2013-06-16,99.9,0.0,0.0,0.0
2013-06-17,101.95,0.0,0.0,0.0
2013-06-18,107.35,0.0,0.0,0.0
2013-06-19,108.25,0.0,0.0,0.0
2013-06-20,111.29,0.0,0.0,0.0
2013-06-21,109.5,0.0,0.0,0.0
2013-06-22,108.2,0.0,0.0,0.0
2013-06-23,107.9,0.0,0.0,0.0
2013-06-24,102.09,0.0,0.0,0.0
2013-06-25,103.33,0.0,0.0,0.0
2013-06-26,104.0,0.0,0.0,0.0
2013-06-27,101.74,0.0,0.0,0.0
2013-06-28,94.66,0.0,0.0,0.0
2013-06-29,95.0,0.0,0.0,0.0
2013-06-30,97.51,0.0,0.0,0.0
2013-07-01,88.05,0.0,0.0,0.0
2013-07-02,90.41,0.0,0.0,0.0
2013-07-03,78.89,0.0,0.0,0.0
2013-07-04,80.04,0.0,0.0,0.0
2013-07-05,68.5,0.0,0.0,0.0
2013-07-06,69.66,0.0,0.0,0.0
2013-07-07,76.5,0.0,0.0,0.0
2013-07-08,76.0,0.0,0.0,0.0
2013-07-09,76.7,0.0,0.0,0.0
2013-07-10,88.0,0.0,0.0,0.0
2013-07-11,88.98,0.0,0.0,0.0
2013-07-12,93.99,0.0,0.0,0.0
2013-07-13,98.32,0.0,0.0,0.0
2013-07-14,94.42,0.0,0.0,0.0
2013-07-15,98.89,0.0,0.0,0.0
2013-07-16,97.1,0.0,0.0,0.0
2013-07-17,98.5,0.0,0.0,0.0
2013-07-18,90.07,0.0,0.0,0.0
2013-07-19,92.0,0.0,0.0,0.0
2013-07-20,89.82,0.0,0.0,0.0
2013-07-21,92.0,0.0,0.0,0.0
2013-07-22,91.6,0.0,0.0,0.0
2013-07-23,95.56,0.0,0.0,0.0
2013-07-24,95.09,0.0,0.0,0.0
2013-07-25,96.95,0.0,0.0,0.0
2013-07-26,96.02,0.0,0.0,0.0
2013-07-27,94.4,0.0,0.0,0.0
2013-07-28,98.78,0.0,0.0,0.0
2013-07-29,101.48,0.0,0.0,0.0
2013-07-30,107.96,0.0,0.0,0.0
2013-07-31,106.21,0.0,0.0,0.0
2013-08-01,104.0,0.0,0.0,0.0
2013-08-02,104.5,0.0,0.0,0.0
2013-08-03,104.95,0.0,0.0,0.0
2013-08-04,105.12,0.0,0.0,0.0
2013-08-05,106.72,0.0,0.0,0.0
2013-08-06,106.56,0.0,0.0,0.0
2013-08-07,105.99,0.0,0.0,0.0
2013-08-08,103.05,0.0,0.0,0.0
2013-08-09,102.8,0.0,0.0,0.0
2013-08-10,103.0,0.0,0.0,0.0
2013-08-11,105.0,0.0,0.0,0.0
2013-08-12,106.81,0.0,0.0,0.0
2013-08-13,109.6,0.0,0.0,0.0
2013-08-14,112.56,0.0,0.0,0.0
2013-08-15,109.99,0.0,0.0,0.0
2013-08-16,108.99,0.0,0.0,0.0
2013-08-17,112.75,0.0,0.0,0.0
2013-08-18,113.38,0.0,0.0,0.0
2013-08-19,118.5,0.0,0.0,0.0
2013-08-20,121.2,0.0,0.0,0.0
2013-08-21,123.3,0.0,0.0,0.0
2013-08-22,122.0,0.0,0.0,0.0
2013-08-23,118.51,0.0,0.0,0.0
2013-08-24,119.6,0.0,0.0,0.0
2013-08-25,122.11,0.0,0.0,0.0
2013-08-26,120.07,0.0,0.0,0.0
2013-08-27,131.29,0.0,0.0,0.0
2013-08-28,128.76,0.0,0.0,0.0
2013-08-29,129.3,0.0,0.0,0.0
2013-08-30,138.03,0.0,0.0,0.0
2013-08-31,141.0,0.0,0.0,0.0
2013-09-01,146.01,0.0,0.0,0.0
2013-09-02,144.0,0.0,0.0,0.0
2013-09-03,144.0,0.0,0.0,0.0
2013-09-04,132.51,0.0,0.0,0.0
2013-09-05,130.2,0.0,0.0,0.0
2013-09-06,121.9,0.0,0.0,0.0
2013-09-07,128.99,0.0,0.0,0.0
2013-09-08,126.32,0.0,0.0,0.0
2013-09-09,133.1,0.0,0.0,0.0
2013-09-10,132.62,0.0,0.0,0.0
2013-09-11,142.1,0.0,0.0,0.0
2013-09-12,139.35,0.0,0.0,0.0
2013-09-13,140.66,0.0,0.0,0.0
2013-09-14,136.71,0.0,0.0,0.0
2013-09-15,138.3,0.0,0.0,0.0
2013-09-16,139.42,0.0,0.0,0.0
2013-09-17,139.15,0.0,0.0,0.0
2013-09-18,140.41,0.0,0.0,0.0
2013-09-19,135.05,0.0,0.0,0.0
2013-09-20,133.81,0.0,0.0,0.0
2013-09-21,134.38,0.0,0.0,0.0
2013-09-22,134.0,0.0,0.0,0.0
2013-09-23,133.4,0.0,0.0,0.0
2013-09-24,134.78,0.0,0.0,0.0
2013-09-25,135.0,0.0,0.0,0.0
2013-09-26,137.1,0.0,0.0,0.0
2013-09-27,138.93,0.0,0.0,0.0
2013-09-28,142.5,0.0,0.0,0.0
2013-09-29,143.88,0.0,0.0,0.0
2013-09-30,141.9,0.0,0.0,0.0
2013-10-01,140.3,0.0,0.0,0.0
2013-10-02,123.0,0.0,0.0,0.0
2013-10-03,130.99,0.0,0.0,0.0
2013-10-04,136.82,0.0,0.0,0.0
2013-10-05,136.7,0.0,0.0,0.0
2013-10-06,137.8,0.0,0.0,0.0
2013-10-07,135.8,0.0,0.0,0.0
2013-10-08,136.49,0.0,0.0,0.0
2013-10-09,139.5,0.0,0.0,0.0
2013-10-10,140.41,0.0,0.0,0.0
2013-10-11,140.1,0.0,0.0,0.0
2013-10-12,142.89,0.0,0.0,0.0
2013-10-13,147.53,0.0,0.0,0.0
2013-10-14,151.37,0.0,0.0,0.0
2013-10-15,158.09,0.0,0.0,0.0
2013-10-16,152.82,0.0,0.0,0.0
2013-10-17,157.59,0.0,0.0,0.0
2013-10-18,168.28,0.0,0.0,0.0
2013-10-19,183.15,0.0,0.0,0.0
2013-10-20,186.1,0.0,0.0,0.0
2013-10-21,192.78,0.0,0.0,0.0
2013-10-22,202.99,0.0,0.0,0.0
2013-10-23,227.97,0.0,0.0,0.0
2013-10-24,206.98,0.0,3.0,0.0
2013-10-25,197.88,0.0,3.0,0.0
2013-10-26,188.56,0.0,3.0,0.0
2013-10-27,206.91,0.0,3.0,0.0
2013-10-28,206.9,0.0,3.0,0.0
2013-10-29,216.0,0.0,3.0,0.0
2013-10-30,208.0,0.0,3.0,0.0
2013-10-31,211.17,0.0,3.0,0.0
2013-11-01,213.43,0.0,3.0,0.0
2013-11-02,211.69,0.0,3.0,0.0
2013-11-03,224.0,0.0,3.0,0.0
2013-11-04,238.16,0.0,3.0,0.0
2013-11-05,251.3,0.0,3.0,0.0
2013-11-06,264.1,0.0,3.0,0.0
2013-11-07,309.65,0.0,3.2,0.0
2013-11-08,355.0,0.0,3.2,0.0
2013-11-09,367.79,0.0,3.2,0.0
2013-11-10,336.32,0.0,3.2,0.0
2013-11-11,362.98,0.0,3.2,0.0
2013-11-12,380.04,0.0,3.2,0.0
2013-11-13,434.85,0.0,5.0,0.0
2013-11-14,433.4,0.0,3.0,0.0
2013-11-15,433.92,0.0,5.0,0.0
2013-11-16,461.96,0.0,4.25,0.0
2013-11-17,528.3,0.0,4.25,0.0
2013-11-18,785.43,0.0,5.0,0.0
2013-11-19,645.69,0.0,9.0,0.0
2013-11-20,637.97,0.0,9.0,0.0
2013-11-21,764.91,0.0,9.0,0.0
2013-11-22,802.0,0.0,10.0,0.0
2013-11-23,832.5,0.0,12.8,0.0
2013-11-24,795.01,0.0,10.0,0.0
2013-11-25,829.99,0.0,12.0,0.0
2013-11-26,969.96,0.0,20.5,0.0
2013-11-27,1079.89,0.0,35.99,0.0
2013-11-28,1101.38,0.0,46.1,0.0
2013-11-29,1206.93,0.0,41.0,0.0
2013-11-30,1205.66,0.0,41.0,0.0
2013-12-01,1004.39,0.0,35.3,0.0
2013-12-02,1096.56,0.0,33.51,0.0
2013-12-03,1154.86,0.0,33.0,0.0
2013-12-04,1237.55,0.0,32.2,0.0
2013-12-05,1106.35,0.0,38.0,0.0
2013-12-06,845.02,0.0,32.0,0.0
2013-12-07,697.02,0.0,22.78,0.0
2013-12-08,803.96,0.0,27.93,0.0
2013-12-09,918.95,0.0,31.98,0.0
2013-12-10,1033.72,0.0,35.26,0.0
2013-12-11,919.93,0.0,31.57,0.0
2013-12-12,899.98,0.0,31.0,0.0
2013-12-13,936.77,0.0,30.59,0.0
2013-12-14,908.94,0.0,30.01,0.0
2013-12-15,919.88,0.0,30.92,0.0
2013-12-16,759.92,0.0,25.77,0.0
2013-12-17,714.97,0.0,23.74,0.0
2013-12-18,540.98,0.0,13.0,0.0
2013-12-19,731.95,0.0,19.8,0.0
2013-12-20,649.96,0.0,18.85,0.0
2013-12-21,640.48,0.0,17.13,0.0
2013-12-22,639.49,0.0,18.0,0.0
2013-12-23,713.24,0.0,17.2,0.0
2013-12-24,702.75,0.0,18.0,0.0
2013-12-25,707.25,0.0,22.06,0.0
2013-12-26,801.98,0.0,24.97,0.0
2013-12-27,803.05,0.0,22.06,0.0
2013-12-28,761.99,0.0,22.33,0.0
2013-12-29,784.96,0.0,24.51,0.0
2013-12-30,804.83,0.0,24.96,0.0
2013-12-31,805.94,0.0,23.55,0.0
2014-01-01,815.94,0.0,24.77,0.0
2014-01-02,856.91,0.0,26.6,0.0
2014-01-03,884.26,0.0,25.49,0.0
2014-01-04,924.69,0.0,24.05,0.0
2014-01-05,1014.74,0.0,26.01,0.0
2014-01-06,1012.65,0.0,28.7,0.0
2014-01-07,879.9,0.0,23.0,0.0
2014-01-08,938.84,0.0,24.9,0.0
2014-01-09,936.95,0.0,24.5,0.0
2014-01-10,957.76,0.0,24.06,0.0
2014-01-11,1005.32,0.0,26.35,0.0
2014-01-12,939.79,0.0,25.39,0.0
2014-01-13,922.91,0.0,25.01,0.0
2014-01-14,919.28,0.0,24.52,0.0
2014-01-15,941.22,0.0,24.52,0.0
2014-01-16,913.49,0.0,24.01,0.0
2014-01-17,894.16,0.0,24.0,0.0
2014-01-18,905.72,0.0,24.94,0.0
2014-01-19,954.8,0.0,24.9,0.0
2014-01-20,955.95,0.0,24.28,0.0
2014-01-21,962.21,0.0,25.49,0.0
2014-01-22,950.95,0.0,23.0,0.0
2014-01-23,944.16,0.0,22.3,0.0
2014-01-24,916.55,0.0,21.05,0.0
2014-01-25,961.05,0.0,22.26,0.0
2014-01-26,1007.0,0.0,22.34,0.0
2014-01-27,943.54,0.0,20.78,0.0
2014-01-28,932.68,0.0,22.88,0.0
2014-01-29,925.67,0.0,21.7,0.0
2014-01-30,941.39,0.0,20.72,0.0
2014-01-31,938.85,0.0,21.59,0.0
2014-02-01,940.42,0.0,21.46,0.0
2014-02-02,953.31,0.0,21.87,0.0
2014-02-03,931.71,0.0,21.41,0.0
2014-02-04,926.64,0.0,21.07,0.0
2014-02-05,904.52,0.0,21.2,0.0
2014-02-06,828.87,0.0,19.8,0.0
2014-02-07,695.65,0.0,18.89,0.0
2014-02-08,648.78,0.0,17.5,0.0
2014-02-09,659.57,0.0,18.7,0.0
2014-02-10,582.63,0.0,17.9,0.0
2014-02-11,578.96,0.0,16.3,0.0
2014-02-12,531.13,0.0,19.49,0.0
2014-02-13,451.44,0.0,16.42,0.0
2014-02-14,427.68,0.0,16.76,0.0
2014-02-15,371.07,0.0,16.28,0.0
2014-02-16,299.8,0.0,15.23,0.0
2014-02-17,272.28,0.0,15.76,0.0
2014-02-18,293.95,0.0,17.28,0.0
2014-02-19,261.53,0.0,15.83,0.0
2014-02-20,111.92,0.0,15.95,0.0
2014-02-21,111.56,0.0,14.89,0.0
2014-02-22,255.59,0.0,13.32,0.0
2014-02-23,310.17,0.0,15.0,0.0
2014-02-24,174.0,0.0,15.22,0.0
2014-02-25,135.78,0.0,14.42,0.0
2014-02-26,593.14,0.0,15.85,0.0
2014-02-27,596.49,0.0,14.84,0.0
2014-02-28,573.94,0.0,15.05,0.0
2014-03-01,557.39,0.0,13.54,0.0
2014-03-02,544.56,0.0,12.86,0.0
2014-03-03,662.18,0.0,14.24,0.0
2014-03-04,661.85,0.0,17.11,0.0
2014-03-05,658.3,0.0,17.34,0.0
2014-03-06,648.26,0.0,16.82,0.0
2014-03-07,616.73,0.0,16.89,0.0
2014-03-08,609.21,0.0,15.56,0.0
2014-03-09,627.05,0.0,16.16,0.0
2014-03-10,612.97,0.0,16.21,0.0
2014-03-11,608.69,0.0,16.22,0.0
2014-03-12,619.43,0.0,17.75,0.0
2014-03-13,625.04,0.0,17.78,0.0
2014-03-14,614.03,0.0,17.0,0.0
2014-03-15,624.03,0.0,17.16,0.0
2014-03-16,619.14,0.0,17.18,0.0
2014-03-17,606.38,0.0,17.89,0.0
2014-03-18,598.93,0.0,20.0,0.0
2014-03-19,594.96,0.0,18.1,0.0
2014-03-20,565.99,0.0,16.89,0.0
2014-03-21,549.6,0.0,16.21,0.0
2014-03-22,564.34,0.0,15.49,0.0
2014-03-23,551.16,0.0,15.49,0.0
2014-03-24,567.56,0.0,16.12,0.0
2014-03-25,562.89,0.0,16.72,0.0
2014-03-26,562.45,0.0,16.96,0.0
2014-03-27,460.45,0.0,13.94,0.0
2014-03-28,482.61,0.0,14.0,0.0
2014-03-29,477.11,0.0,14.3,0.0
2014-03-30,446.92,0.0,12.75,0.0
2014-03-31,444.66,0.0,12.74,0.0
2014-04-01,463.45,0.0,13.41,0.0
2014-04-02,424.37,0.0,11.94,0.0
2014-04-03,436.31,0.0,11.5,0.0
2014-04-04,444.36,0.0,11.66,0.0
2014-04-05,456.63,0.0,11.2,0.0
2014-04-06,455.69,0.0,11.39,0.0
2014-04-07,462.38,0.0,11.95,0.0
2014-04-08,466.56,0.0,12.0,0.0
2014-04-09,457.34,0.0,11.87,0.0
2014-04-10,384.63,0.0,9.13,0.0
2014-04-11,435.14,0.0,11.0,0.0
2014-04-12,437.65,0.0,11.32,0.0
2014-04-13,427.6,0.0,10.35,0.0
2014-04-14,478.38,0.0,11.99,0.0
2014-04-15,526.43,0.0,12.94,0.0
2014-04-16,536.95,0.0,13.38,0.0
2014-04-17,502.0,0.0,13.15,0.0
2014-04-18,485.52,0.0,12.57,0.0
2014-04-19,506.02,0.0,12.77,0.0
2014-04-20,498.51,0.0,12.73,0.0
2014-04-21,495.16,0.0,12.73,0.0
2014-04-22,487.91,0.0,5.0,0.0
2014-04-23,487.3,0.0,12.18,0.0
2014-04-24,500.29,0.0,12.88,0.0
2014-04-25,464.49,0.0,11.14,0.0
2014-04-26,457.87,0.0,10.8,0.0
2014-04-27,443.18,0.0,10.31,0.0
2014-04-28,441.92,0.0,10.4,0.0
2014-04-29,446.12,0.0,10.56,0.0
2014-04-30,445.63,0.0,11.11,0.0
2014-05-01,460.13,0.0,11.3,0.0
2014-05-02,453.67,0.0,10.78,0.0
2014-05-03,438.65,0.0,10.39,0.0
2014-05-04,436.05,0.0,10.5,0.0
2014-05-05,430.87,0.0,10.29,0.0
2014-05-06,432.19,0.0,10.56,0.0
2014-05-07,446.55,0.0,10.7,0.0
2014-05-08,441.11,0.0,10.77,0.0
2014-05-09,445.45,0.0,9.89,0.0
2014-05-10,451.9,0.0,10.8,0.0
2014-05-11,433.23,0.0,10.34,0.0
2014-05-12,438.21,0.0,10.46,0.0
2014-05-13,433.92,0.0,10.36,0.0
2014-05-14,442.63,0.0,10.4,0.0
2014-05-15,448.1,0.0,10.35,0.0
2014-05-16,453.63,0.0,10.65,0.0
2014-05-17,452.79,0.0,10.15,0.0
2014-05-18,450.14,0.0,10.15,0.0
2014-05-19,443.9,0.0,10.31,0.0
2014-05-20,484.57,0.0,10.86,0.0
2014-05-21,488.84,0.0,10.75,0.0
2014-05-22,515.36,0.0,10.88,0.0
2014-05-23,518.09,0.0,11.27,0.0
2014-05-24,520.46,0.0,10.75,0.0
2014-05-25,570.44,0.0,11.8,0.0
2014-05-26,582.01,0.0,12.04,0.0
2014-05-27,570.1,0.0,12.0,0.0
2014-05-28,570.84,0.0,10.92,0.0
2014-05-29,564.42,0.0,11.28,0.0
2014-05-30,612.35,0.0,11.23,0.0
2014-05-31,627.91,0.0,11.08,0.0
2014-06-01,649.79,0.0,11.12,0.0
2014-06-02,655.49,0.0,11.51,0.0
2014-06-03,669.43,0.0,11.17,0.0
2014-06-04,638.93,0.0,11.14,0.0
2014-06-05,660.18,0.0,11.36,0.0
2014-06-06,650.41,0.0,11.46,0.0
2014-06-07,651.67,0.0,11.16,0.0
2014-06-08,651.05,0.0,11.44,0.0
2014-06-09,644.35,0.0,11.08,0.0
2014-06-10,655.62,0.0,11.19,0.0
2014-06-11,642.95,0.0,11.08,0.0
2014-06-12,597.13,0.0,10.03,0.0
2014-06-13,610.35,0.0,10.12,0.0
2014-06-14,583.42,0.0,9.89,0.0
2014-06-15,582.29,0.0,9.51,0.0
2014-06-16,599.08,0.0,9.84,0.0
2014-06-17,605.09,0.0,9.5,0.0
2014-06-18,606.21,0.0,9.76,0.0
2014-06-19,600.17,0.0,9.89,0.0
2014-06-20,590.75,0.0,10.0,0.0
2014-06-21,597.04,0.0,9.54,0.0
2014-06-22,603.62,0.0,10.0,0.0
2014-06-23,591.17,0.0,9.5,0.0
2014-06-24,588.77,0.0,9.5,0.0
2014-06-25,568.45,0.0,9.29,0.0
2014-06-26,582.7,0.0,9.5,0.0
2014-06-27,602.23,0.0,9.62,0.0
2014-06-28,597.56,0.0,9.61,0.0
2014-06-29,601.06,0.0,9.61,0.0
2014-06-30,635.14,0.0,9.12,0.0
2014-07-01,643.19,0.0,9.01,0.0
2014-07-02,645.72,0.0,8.82,0.0
2014-07-03,638.03,0.0,8.8,0.0
2014-07-04,623.96,0.0,8.0,0.0
2014-07-05,622.96,0.0,8.0,0.0
2014-07-06,626.65,0.0,7.02,0.0
2014-07-07,613.6,0.0,7.37,0.0
2014-07-08,615.32,0.0,7.37,0.0
2014-07-09,623.0,0.0,8.19,0.0
2014-07-10,618.39,0.0,8.19,0.0
2014-07-11,632.9,0.0,7.69,0.0
2014-07-12,635.9,0.0,7.85,0.0
2014-07-13,628.03,0.0,8.8,0.0
2014-07-14,618.32,0.0,8.84,0.0
2014-07-15,619.6,0.0,8.84,0.0
2014-07-16,614.8,0.0,8.53,0.0
2014-07-17,626.58,0.0,8.31,0.0
2014-07-18,627.47,0.0,8.6,0.0
2014-07-19,627.04,0.0,8.93,0.0
2014-07-20,620.98,0.0,10.75,0.0
2014-07-21,625.13,0.0,10.75,0.0
2014-07-22,622.53,0.0,8.41,0.0
2014-07-23,621.69,0.0,8.41,0.0
2014-07-24,601.87,0.0,8.25,0.0
2014-07-25,600.5,0.0,7.56,0.0
2014-07-26,596.0,0.0,7.61,0.0
2014-07-27,595.03,0.0,7.81,0.0
2014-07-28,587.93,0.0,7.62,0.0
2014-07-29,585.77,0.0,7.68,0.0
2014-07-30,564.64,0.0,7.29,0.0
2014-07-31,589.52,0.0,7.61,0.0
2014-08-01,598.78,0.0,7.71,0.0
2014-08-02,591.72,0.0,7.65,0.0
2014-08-03,588.94,0.0,7.58,0.0
2014-08-04,592.77,0.0,7.41,0.0
2014-08-05,588.76,0.0,7.23,0.0
2014-08-06,589.77,0.0,7.21,0.0
2014-08-07,592.8,0.0,7.16,0.0
2014-08-08,595.85,0.0,7.11,0.0
2014-08-09,589.52,0.0,7.01,0.0
2014-08-10,592.06,0.0,6.95,0.0
2014-08-11,575.89,0.0,6.01,0.0
2014-08-12,567.66,0.0,5.59,0.0
2014-08-13,542.1,0.0,5.06,0.0
2014-08-14,504.8,0.0,5.03,0.0
2014-08-15,496.45,0.0,5.04,0.0
2014-08-16,522.01,0.0,5.1,0.0
2014-08-17,485.5,0.0,4.34,0.0
2014-08-18,462.18,0.0,3.79,0.0
2014-08-19,485.12,0.0,4.56,0.0
2014-08-20,516.78,0.0,5.5,0.0
2014-08-21,517.94,0.0,5.78,0.0
2014-08-22,516.1,0.0,5.33,0.0
2014-08-23,497.68,0.0,4.79,0.0
2014-08-24,509.71,0.0,5.43,0.0
2014-08-25,502.93,0.0,5.18,0.0
2014-08-26,512.56,0.0,5.52,0.0
2014-08-27,515.23,0.0,5.41,0.0
2014-08-28,510.75,0.0,5.29,0.0
2014-08-29,512.56,0.0,5.38,0.0
2014-08-30,505.96,0.0,5.24,0.0
2014-08-31,481.78,0.0,4.92,0.0
2014-09-01,477.19,0.0,4.72,0.0
2014-09-02,478.94,0.0,4.82,0.0
2014-09-03,480.04,0.0,4.86,0.0
2014-09-04,490.99,0.0,5.21,0.0
2014-09-05,483.65,0.0,4.99,0.0
2014-09-06,484.47,0.0,5.01,0.0
2014-09-07,485.75,0.0,5.17,0.0
2014-09-08,475.69,0.0,5.07,0.0
2014-09-09,474.9,0.0,5.04,0.0
2014-09-10,479.7,0.0,5.32,0.0
2014-09-11,478.49,0.0,5.31,0.0
2014-09-12,477.73,0.0,5.41,0.0
2014-09-13,478.17,0.0,5.44,0.0
2014-09-14,477.74,0.0,5.43,0.0
2014-09-15,477.71,0.0,5.2,0.0
2014-09-16,466.75,0.0,5.07,0.0
2014-09-17,461.09,0.0,5.06,0.0
2014-09-18,424.26,0.0,4.72,0.0
2014-09-19,397.67,0.0,4.37,0.0
2014-09-20,411.53,0.0,4.28,0.0
2014-09-21,401.62,0.0,4.26,0.0
2014-09-22,404.09,0.0,4.29,0.0
2014-09-23,436.86,0.0,4.81,0.0
2014-09-24,423.77,0.0,4.69,0.0
2014-09-25,412.29,0.0,4.54,0.0
2014-09-26,404.46,0.0,4.45,0.0
2014-09-27,399.02,0.0,4.42,0.0
2014-09-28,379.08,0.0,4.23,0.0
2014-09-29,376.77,0.0,4.24,0.0
2014-09-30,388.17,0.0,4.48,0.0
2014-10-01,382.84,0.0,4.45,0.0
2014-10-02,375.14,0.0,4.31,0.0
2014-10-03,363.45,0.0,4.26,0.0
2014-10-04,335.32,0.0,3.98,0.0
2014-10-05,322.86,0.0,3.7,0.0
2014-10-06,331.55,0.0,3.83,0.0
2014-10-07,331.65,0.0,3.84,0.0
2014-10-08,350.87,0.0,3.9,0.0
2014-10-09,360.91,0.0,3.87,0.0
2014-10-10,361.71,0.0,3.81,0.0
2014-10-11,361.22,0.0,3.78,0.0
2014-10-12,373.17,0.0,3.82,0.0
2014-10-13,387.32,0.0,3.86,0.0
2014-10-14,397.1,0.0,4.07,0.0
2014-10-15,393.17,0.0,4.05,0.0
2014-10-16,379.77,0.0,4.0,0.0
2014-10-17,380.48,0.0,4.0,0.0
2014-10-18,390.88,0.0,4.06,0.0
2014-10-19,387.28,0.0,3.99,0.0
2014-10-20,380.39,0.0,3.92,0.0
2014-10-21,382.35,0.0,3.94,0.0
2014-10-22,378.93,0.0,3.84,0.0
2014-10-23,355.78,0.0,3.74,0.0
2014-10-24,355.1,0.0,3.73,0.0
2014-10-25,346.72,0.0,3.67,0.0
2014-10-26,348.67,0.0,3.71,0.0
2014-10-27,350.09,0.0,3.8,0.0
2014-10-28,351.06,0.0,3.83,0.0
2014-10-29,335.12,0.0,3.73,0.0
2014-10-30,344.86,0.0,3.79,0.0
2014-10-31,337.87,0.0,3.76,0.0
2014-11-01,325.43,0.0,3.58,0.0
2014-11-02,322.55,0.0,3.59,0.0
2014-11-03,324.24,0.0,3.57,0.0
2014-11-04,327.96,0.0,3.59,0.0
2014-11-05,338.01,0.0,3.63,0.0
2014-11-06,347.67,0.0,3.64,0.0
2014-11-07,341.87,0.0,3.55,0.0
2014-11-08,343.54,0.0,3.55,0.0
2014-11-09,362.04,0.0,3.62,0.0
2014-11-10,367.15,0.0,3.68,0.0
2014-11-11,365.42,0.0,3.65,0.0
2014-11-12,432.03,0.0,4.11,0.0
2014-11-13,428.72,0.0,4.14,0.0
2014-11-14,396.53,0.0,3.98,0.0
2014-11-15,374.86,0.0,3.86,0.0
2014-11-16,385.61,0.0,3.87,0.0
2014-11-17,384.69,0.0,3.86,0.0
2014-11-18,379.16,0.0,3.79,0.0
2014-11-19,381.43,0.0,3.81,0.0
2014-11-20,357.3,0.0,3.6,0.0
2014-11-21,351.77,0.0,3.5,0.0
2014-11-22,352.01,0.0,3.51,0.0
2014-11-23,365.85,0.0,3.58,0.0
2014-11-24,378.85,0.0,3.63,0.0
2014-11-25,376.43,0.0,3.58,0.0
2014-11-26,365.35,0.0,3.56,0.0
2014-11-27,368.83,0.0,3.56,0.0
2014-11-28,377.59,0.0,3.6,0.0
2014-11-29,376.28,0.0,3.59,0.0
2014-11-30,374.93,0.0,3.57,0.0
2014-12-01,378.61,0.0,3.58,0.0
2014-12-02,380.64,0.0,3.62,0.0
2014-12-03,376.96,0.0,3.62,0.0
2014-12-04,369.84,0.0,3.6,0.0
2014-12-05,377.63,0.0,3.62,0.0
2014-12-06,376.26,0.0,3.62,0.0
2014-12-07,376.47,0.0,3.72,0.0
2014-12-08,364.95,0.0,3.68,0.0
2014-12-09,352.19,0.0,3.53,0.0
2014-12-10,347.94,0.0,3.5,0.0
2014-12-11,347.68,0.0,3.48,0.0
2014-12-12,353.4,0.0,3.49,0.0
2014-12-13,348.24,0.0,3.48,0.0
2014-12-14,349.35,0.0,3.48,0.0
2014-12-15,345.37,0.0,3.45,0.0
2014-12-16,330.22,0.0,3.04,0.0
2014-12-17,320.02,0.0,2.94,0.0
2014-12-18,310.34,0.0,2.79,0.0
2014-12-19,317.78,0.0,2.85,0.0
2014-12-20,330.35,0.0,2.92,0.0
2014-12-21,322.63,0.0,2.85,0.0
2014-12-22,330.84,0.0,2.87,0.0
2014-12-23,335.25,0.0,2.88,0.0
2014-12-24,322.4,0.0,2.74,0.0
2014-12-25,318.99,0.0,2.68,0.0
2014-12-26,329.98,0.0,2.78,0.0
2014-12-27,315.34,0.0,2.7,0.0
2014-12-28,316.53,0.0,2.72,0.0
2014-12-29,314.12,0.0,2.69,0.0
2014-12-30,311.27,0.0,2.69,0.0
2014-12-31,318.24,0.0,2.71,0.0
2015-01-01,314.89,0.0,2.69,0.0
2015-01-02,315.21,0.0,2.66,0.0
2015-01-03,287.13,0.0,2.18,0.0
2015-01-04,264.72,0.0,1.95,0.0
2015-01-05,274.84,0.0,2.11,0.0
2015-01-06,282.27,0.0,2.1,0.0
2015-01-07,291.34,0.0,2.11,0.0
2015-01-08,282.69,0.0,2.0,0.0
2015-01-09,287.97,0.0,1.98,0.0
2015-01-10,273.35,0.0,1.63,0.0
2015-01-11,264.77,0.0,1.66,0.0
2015-01-12,269.33,0.0,1.73,0.0
2015-01-13,221.29,0.0,1.54,0.0
2015-01-14,164.92,0.0,1.12,0.0
2015-01-15,209.78,0.0,1.29,0.0
2015-01-16,206.92,0.0,1.4,0.0
2015-01-17,199.65,0.0,1.28,0.0
2015-01-18,210.62,0.0,1.32,0.0
2015-01-19,215.87,0.0,1.33,0.0
2015-01-20,210.55,0.0,1.31,0.0
2015-01-21,228.17,0.0,1.36,0.0
2015-01-22,232.7,0.0,1.41,0.0
2015-01-23,232.17,0.0,1.43,0.0
2015-01-24,248.16,0.0,1.86,0.0
2015-01-25,252.09,0.0,2.22,0.0
2015-01-26,269.18,0.0,2.06,0.0
2015-01-27,263.27,0.0,2.08,0.0
2015-01-28,236.17,0.0,1.93,0.0
2015-01-29,233.99,0.0,1.89,0.3107
2015-01-30,231.84,0.0,1.92,0.3027
2015-01-31,218.51,0.0,1.88,0.2896
2015-02-01,225.29,0.0,1.84,0.2896
2015-02-02,238.86,0.0,1.78,0.3029
2015-02-03,227.41,0.0,1.83,0.3311
2015-02-04,226.58,0.0,1.8,0.2922
2015-02-05,216.52,0.0,1.74,0.2755
2015-02-06,222.96,0.0,1.79,0.2747
2015-02-07,227.68,0.0,1.8,0.2747
2015-02-08,223.67,0.0,1.78,0.2747
2015-02-09,220.34,0.0,1.73,0.2747
2015-02-10,219.67,0.0,1.76,0.2747
2015-02-11,218.83,0.0,1.73,0.2747
2015-02-12,221.79,0.0,1.75,0.2747
2015-02-13,236.17,0.0,1.82,0.2747
2015-02-14,258.64,0.0,1.96,0.2747
2015-02-15,233.27,0.0,1.83,0.2747
2015-02-16,235.83,0.0,1.8,0.2747
2015-02-17,243.2,0.0,1.85,0.099
2015-02-18,235.2,0.0,1.81,0.099
2015-02-19,241.92,0.0,1.85,0.26
2015-02-20,244.52,0.0,1.84,0.25
2015-02-21,244.41,0.0,1.84,0.25
2015-02-22,235.73,0.0,1.79,0.295
2015-02-23,238.82,0.0,1.81,0.35
2015-02-24,238.89,0.0,1.82,0.25
2015-02-25,237.33,0.0,1.8,0.25
2015-02-26,236.53,0.0,1.81,0.25
2015-02-27,253.47,0.0,1.84,0.25
2015-02-28,254.06,0.0,1.84,0.35
2015-03-01,257.94,0.0,1.87,0.35
2015-03-02,273.75,0.0,1.92,0.5399
2015-03-03,280.65,0.0,1.94,0.497
2015-03-04,271.92,0.0,1.93,0.497
2015-03-05,275.23,0.0,1.91,0.26
2015-03-06,272.56,0.0,1.89,0.497
2015-03-07,274.91,0.0,1.91,0.497
2015-03-08,274.49,0.0,1.89,0.497
2015-03-09,290.02,0.0,1.94,0.25
2015-03-10,291.37,0.0,2.01,0.5399
2015-03-11,295.6,0.0,2.02,0.2611
2015-03-12,293.85,0.0,2.04,0.2611
2015-03-13,287.21,0.0,2.01,0.8
2015-03-14,281.6,0.0,1.99,0.7998
2015-03-15,284.88,0.0,2.01,0.7998
2015-03-16,290.41,0.0,2.03,0.4
2015-03-17,285.38,0.0,1.99,0.4
2015-03-18,255.92,0.0,1.74,0.4
2015-03-19,260.93,0.0,1.75,0.4
2015-03-20,261.78,0.0,1.76,0.4
2015-03-21,259.71,0.0,1.74,1.0
2015-03-22,268.57,0.0,1.79,0.2611
2015-03-23,265.46,0.0,1.77,0.2611
2015-03-24,246.72,0.0,1.64,0.278
2015-03-25,246.37,0.0,1.66,0.878
2015-03-26,248.02,0.0,1.69,0.278
2015-03-27,247.21,0.0,1.68,0.278
2015-03-28,252.02,0.0,1.7,0.878
2015-03-29,242.08,0.0,1.65,0.278
2015-03-30,246.79,0.0,1.67,0.85
2015-03-31,244.15,0.0,1.65,0.31
2015-04-01,246.24,0.0,1.66,0.33
2015-04-02,252.6,0.0,1.68,0.33
2015-04-03,254.48,0.0,1.69,0.33
2015-04-04,252.89,0.0,1.67,0.4
2015-04-05,259.64,0.0,1.67,0.34
2015-04-06,254.97,0.0,1.64,0.34
2015-04-07,252.97,0.0,1.67,0.34
2015-04-08,244.57,0.0,1.62,0.34
2015-04-09,243.32,0.0,1.58,1.0
2015-04-10,234.73,0.0,1.52,0.7955
2015-04-11,236.48,0.0,1.45,0.78
2015-04-12,235.85,0.0,1.46,0.92
2015-04-13,223.59,0.0,1.36,0.75
2015-04-14,217.99,0.0,1.38,0.5
2015-04-15,222.97,0.0,1.38,0.65
2015-04-16,227.98,0.0,1.41,0.72
2015-04-17,222.59,0.0,1.4,0.72
2015-04-18,223.35,0.0,1.39,0.34
2015-04-19,223.02,0.0,1.38,0.34
2015-04-20,224.24,0.0,1.39,0.34
2015-04-21,233.73,0.0,1.42,0.34
2015-04-22,233.78,0.0,1.46,0.7
2015-04-23,235.4,0.0,1.45,0.719
2015-04-24,231.09,0.0,1.42,0.34
2015-04-25,226.14,0.0,1.39,0.34
2015-04-26,218.7,0.0,1.32,0.34
2015-04-27,228.96,0.0,1.38,0.59
2015-04-28,225.81,0.0,1.36,0.59
2015-04-29,225.42,0.0,1.36,0.34
2015-04-30,235.77,0.0,1.43,0.34
2015-05-01,233.21,0.0,1.41,0.34
2015-05-02,235.34,0.0,1.41,0.34
2015-05-03,239.99,0.0,1.43,0.34
2015-05-04,238.97,0.0,1.41,0.34
2015-05-05,235.82,0.0,1.4,0.34
2015-05-06,230.03,0.0,1.39,0.34
2015-05-07,237.73,0.0,1.46,0.34
2015-05-08,243.74,0.0,1.47,0.521
2015-05-09,241.4,0.0,1.44,0.521
2015-05-10,239.96,0.0,1.43,0.45
2015-05-11,241.81,0.0,1.44,0.4
2015-05-12,241.58,0.0,1.44,0.5731
2015-05-13,236.38,0.0,1.44,0.5731
2015-05-14,236.9,0.0,1.44,0.41
2015-05-15,237.2,0.0,1.45,0.4975
2015-05-16,236.23,0.0,1.45,0.6368
2015-05-17,236.3,0.0,1.45,0.5669
2015-05-18,232.64,0.0,1.44,0.4975
2015-05-19,232.02,0.0,1.45,0.51
2015-05-20,233.96,0.0,1.45,0.306
2015-05-21,235.38,0.0,1.47,0.5
2015-05-22,240.37,0.0,1.83,0.2796
2015-05-23,238.94,0.0,1.78,0.35
2015-05-24,240.98,0.0,1.81,0.5
2015-05-25,237.41,0.0,1.8,0.5
2015-05-26,237.84,0.0,1.81,0.4
2015-05-27,237.29,0.0,1.84,0.4
2015-05-28,237.32,0.0,1.83,0.4
2015-05-29,237.03,0.0,1.82,0.4
2015-05-30,233.22,0.0,1.8,0.49
2015-05-31,229.84,0.0,1.63,0.489
2015-06-01,223.14,0.0,1.61,0.4
2015-06-02,225.74,0.0,1.66,0.4
2015-06-03,225.59,0.0,1.67,0.49
2015-06-04,224.22,0.0,1.66,0.4
2015-06-05,225.29,0.0,1.74,0.5
2015-06-06,224.74,0.0,1.75,0.43
2015-06-07,223.47,0.0,1.73,0.57
2015-06-08,228.57,0.0,1.78,0.57
2015-06-09,229.56,0.0,1.8,0.47
2015-06-10,228.79,0.0,1.75,0.45
2015-06-11,229.88,0.0,1.79,0.639
2015-06-12,230.46,0.0,1.8,0.35
2015-06-13,232.48,0.0,1.85,0.44
2015-06-14,233.75,0.0,1.99,0.3
2015-06-15,237.0,0.0,2.01,0.39
2015-06-16,249.82,0.0,2.83,0.39
2015-06-17,247.38,0.0,2.85,0.53
2015-06-18,248.44,0.0,3.09,0.39
2015-06-19,244.13,0.0,2.81,0.39
2015-06-20,244.98,0.0,3.04,0.45
2015-06-21,244.1,0.0,3.01,0.5829
2015-06-22,247.46,0.0,3.02,0.45
2015-06-23,243.76,0.0,2.96,0.45
2015-06-24,240.56,0.0,2.8,0.5003
2015-06-25,242.56,0.0,2.84,0.5003
2015-06-26,242.95,0.0,2.86,0.5003
2015-06-27,250.73,0.0,3.08,0.5254
2015-06-28,248.88,0.0,3.04,0.45
2015-06-29,256.97,0.0,3.76,0.45
2015-06-30,264.12,0.0,4.1,0.44
2015-07-01,257.62,0.0,3.96,0.45
2015-07-02,254.88,0.0,4.07,0.45
2015-07-03,255.4,0.0,4.09,0.45
2015-07-04,260.55,0.0,4.1,0.518
2015-07-05,270.14,0.0,4.77,0.45
2015-07-06,269.08,0.0,5.32,0.45
2015-07-07,266.21,0.0,5.33,0.503
2015-07-08,268.64,0.0,6.09,0.45
2015-07-09,269.14,0.0,7.6,0.45
2015-07-10,283.62,0.0,4.26,0.45
2015-07-11,291.97,0.0,4.28,0.5395
2015-07-12,310.44,0.0,5.18,0.6304
2015-07-13,290.35,0.0,4.54,0.6304
2015-07-14,286.96,0.0,4.54,0.52
2015-07-15,283.42,0.0,4.11,0.52
2015-07-16,276.59,0.0,3.6,0.46
2015-07-17,279.62,0.0,3.74,0.46
2015-07-18,274.05,0.0,3.88,0.46
2015-07-19,273.18,0.0,3.6,0.59
2015-07-20,277.68,0.0,3.87,0.59
2015-07-21,275.09,0.0,3.7,0.46
2015-07-22,276.46,0.0,3.78,0.46
2015-07-23,275.52,0.0,3.75,0.598
2015-07-24,288.37,0.0,4.6,0.598
2015-07-25,288.74,0.0,4.59,0.461
2015-07-26,291.77,0.0,4.57,0.461
2015-07-27,293.01,0.0,4.59,0.461
2015-07-28,293.7,0.0,4.98,0.63
2015-07-29,288.37,0.0,4.73,0.55
2015-07-30,287.02,0.0,4.53,0.63
2015-07-31,283.73,0.0,4.56,0.461
2015-08-01,280.47,0.0,4.19,0.63
2015-08-02,281.36,0.0,4.14,0.63
2015-08-03,281.58,0.0,4.19,0.461
2015-08-04,284.3,0.0,4.34,0.461
2015-08-05,281.72,0.0,4.3,0.461
2015-08-06,278.0,0.0,4.01,0.64
2015-08-07,277.89,3.0,4.1,0.75
2015-08-08,258.6,1.2,3.77,0.75
2015-08-09,263.87,1.2,3.87,0.75
2015-08-10,263.3,1.2,3.88,0.4969
2015-08-11,269.03,0.99,4.08,0.4969
2015-08-12,267.66,1.29,3.98,0.4969
2015-08-13,263.44,1.88,3.85,0.4969
2015-08-14,265.03,1.79,3.99,0.6969
2015-08-15,260.52,1.79,3.9,0.4969
2015-08-16,257.12,1.37,3.95,0.739
2015-08-17,257.13,1.3,3.97,0.4969
2015-08-18,246.72,1.36,3.82,0.4969
2015-08-19,226.0,1.24,3.4,0.5157
2015-08-20,234.66,1.52,3.57,0.406
2015-08-21,232.4,1.44,3.54,0.4496
2015-08-22,229.54,1.4,3.48,0.6428
2015-08-23,226.75,1.35,3.35,0.477
2015-08-24,211.43,1.24,2.92,0.615
2015-08-25,220.51,1.27,2.93,0.4227
2015-08-26,224.97,1.18,2.92,0.4201
2015-08-27,222.73,1.14,2.8,0.4213
2015-08-28,231.64,1.3,2.86,0.4213
2015-08-29,228.5,1.18,2.85,0.4901
2015-08-30,228.4,1.32,2.79,0.45
2015-08-31,229.47,1.31,2.82,0.4901
2015-09-01,227.18,1.36,2.79,0.4901
2015-09-02,228.63,1.14,2.78,0.4901
2015-09-03,226.2,1.23,2.59,0.75
2015-09-04,230.25,1.35,2.67,0.45
2015-09-05,233.67,1.37,2.86,0.4573
2015-09-06,239.86,1.34,3.05,0.5
2015-09-07,239.58,1.28,3.05,0.5
2015-09-08,243.24,1.26,3.03,0.458
2015-09-09,237.41,1.21,2.89,0.7
2015-09-10,238.08,1.19,2.93,0.458
2015-09-11,239.9,0.9242,2.94,0.4625
2015-09-12,235.6,1.15,2.82,0.4537
2015-09-13,230.19,0.8856,2.8,0.44
2015-09-14,229.91,0.955,2.83,0.4775
2015-09-15,229.53,0.95,2.8,0.509
2015-09-16,228.6,0.9363,2.78,0.5156
2015-09-17,232.72,0.875,2.9,0.55
2015-09-18,232.21,0.8523,2.93,0.5458
2015-09-19,231.11,0.89,2.86,0.508
2015-09-20,231.09,0.8871,2.84,0.5036
2015-09-21,226.33,0.9412,2.78,0.5012
2015-09-22,230.01,0.8059,2.82,0.5012
2015-09-23,229.89,0.91,2.85,0.4625
2015-09-24,233.76,0.8,2.9,0.4655
2015-09-25,235.03,0.6823,2.87,0.4527
2015-09-26,234.3,0.7703,2.87,0.4689
2015-09-27,232.5,0.7008,2.86,0.4455
2015-09-28,238.87,0.6,3.03,0.4354
2015-09-29,236.71,0.6816,2.99,0.43
2015-09-30,235.93,0.7137,2.98,0.39
2015-10-01,237.05,0.6548,2.98,0.4644
2015-10-02,236.71,0.6647,2.96,0.3812
2015-10-03,238.58,0.6796,3.01,0.4689
2015-10-04,238.33,0.6095,2.98,0.3955
2015-10-05,240.15,0.6078,2.99,0.3892
2015-10-06,246.14,0.6511,3.11,0.3917
2015-10-07,242.98,0.6,3.03,0.3966
2015-10-08,242.58,0.62,3.04,0.3785
2015-10-09,244.04,0.6352,3.09,0.3785
2015-10-10,245.35,0.6351,3.09,0.3803
2015-10-11,247.65,0.5993,3.13,0.3848
2015-10-12,245.35,0.63,3.11,0.4124
2015-10-13,248.78,0.6017,3.14,0.3785
2015-10-14,252.33,0.5,3.11,0.3705
2015-10-15,254.44,0.56,3.08,0.3758
2015-10-16,262.87,0.525,3.1,0.4131
2015-10-17,269.58,0.523,3.05,0.4669
2015-10-18,261.67,0.505,3.0,0.41
2015-10-19,263.82,0.5,3.03,0.3917
2015-10-20,269.75,0.44,3.06,0.3705
2015-10-21,267.11,0.42,3.06,0.375
2015-10-22,274.42,0.609,3.1,0.3705
2015-10-23,276.92,0.5649,3.08,0.3705
2015-10-24,282.56,0.5561,3.09,0.393
2015-10-25,287.86,0.62,3.07,0.3795
2015-10-26,285.15,0.706,3.08,0.3795
2015-10-27,294.66,0.83,3.08,0.3783
2015-10-28,303.54,0.99,3.07,0.3775
2015-10-29,313.63,1.12,3.81,0.5
2015-10-30,327.12,1.14,3.84,0.4413
2015-10-31,311.24,0.8676,3.55,0.38
2015-11-01,322.95,0.99,3.67,0.36
2015-11-02,359.28,0.9878,3.97,0.45
2015-11-03,396.49,1.06,4.28,0.3938
2015-11-04,400.89,0.799,3.99,0.4358
2015-11-05,382.7,0.8764,3.76,0.427
2015-11-06,369.81,0.9899,3.42,0.4638
2015-11-07,385.09,0.93,3.48,0.4639
2015-11-08,371.56,1.0,3.34,0.5541
2015-11-09,380.22,0.998,3.33,0.47
2015-11-10,336.69,0.9,3.11,0.4522
2015-11-11,304.71,0.75,2.92,0.4226
2015-11-12,333.85,0.88,3.24,0.442
2015-11-13,333.77,0.9,3.21,0.4652
2015-11-14,331.77,0.88,3.17,0.429
2015-11-15,317.45,0.9193,3.04,0.409
2015-11-16,330.21,0.925,3.17,0.442
2015-11-17,333.91,1.0,3.18,0.4091
2015-11-18,335.92,0.9973,3.17,0.4091
2015-11-19,324.98,0.94,3.11,0.4027
2015-11-20,321.12,0.92,3.1,0.448
2015-11-21,324.7,0.96,3.13,0.448
2015-11-22,322.78,0.97,3.11,0.3582
2015-11-23,322.12,0.92,3.11,0.448
2015-11-24,318.35,0.91,3.1,0.42
2015-11-25,327.52,0.87,3.3,0.379
2015-11-26,353.74,0.86,3.54,0.41
2015-11-27,359.52,0.88,3.55,0.3791
2015-11-28,355.83,0.91,3.49,0.395
2015-11-29,370.84,0.87,3.64,0.3918
2015-11-30,377.97,0.88,3.6,0.3656
2015-12-01,361.8,0.87,3.41,0.365
2015-12-02,359.98,0.82,3.34,0.369
2015-12-03,360.31,0.83,3.35,0.367
2015-12-04,361.67,0.84,3.33,0.3705
2015-12-05,386.69,0.8699,3.48,0.43
2015-12-06,393.38,0.825,3.44,0.4302
2015-12-07,394.28,0.79,3.56,0.415
2015-12-08,410.67,0.8102,3.63,0.426
2015-12-09,416.0,0.8051,3.62,0.43
2015-12-10,415.49,0.8437,3.63,0.399
2015-12-11,449.83,0.8998,3.76,0.45
2015-12-12,432.29,0.96,3.54,0.422
2015-12-13,434.69,0.9199,3.54,0.422
2015-12-14,442.0,0.99,3.55,0.44
2015-12-15,462.65,1.0,3.76,0.505
2015-12-16,453.98,0.803,3.63,0.505
2015-12-17,455.53,0.94,3.71,0.44
2015-12-18,463.18,0.9,3.73,0.49
2015-12-19,461.2,0.8935,3.7,0.46
2015-12-20,441.78,1.07,3.51,0.45
2015-12-21,437.59,0.91,3.41,0.45
2015-12-22,437.03,0.88,3.39,0.45
2015-12-23,442.43,0.8709,3.55,0.45
2015-12-24,452.98,0.87,3.61,0.46
2015-12-25,454.05,0.88,3.59,0.46
2015-12-26,415.37,0.853,3.4,0.45
2015-12-27,422.39,0.918,3.48,0.43
2015-12-28,421.76,0.8749,3.46,0.44
2015-12-29,431.92,0.86,3.5,0.44
2015-12-30,427.15,0.8925,3.46,0.43
2015-12-31,429.95,0.9488,3.47,0.4901
2016-01-01,433.99,0.92,3.49,0.5431
2016-01-02,433.72,0.9547,3.49,0.46
2016-01-03,430.7,0.96,3.47,0.4875
2016-01-04,433.32,0.95,3.49,0.47
2016-01-05,431.2,0.9426,3.46,0.47
2016-01-06,430.82,0.95,3.45,0.47
2016-01-07,457.05,0.94,3.59,0.47
2016-01-08,452.87,0.985,3.56,0.545
2016-01-09,448.31,0.985,3.54,0.47
2016-01-10,446.19,1.0,3.53,0.471
2016-01-11,447.72,1.08,3.55,0.471
2016-01-12,445.04,1.22,3.52,0.471
2016-01-13,432.18,1.14,3.48,0.461
2016-01-14,429.13,1.16,3.45,0.451
2016-01-15,372.26,1.2,3.14,0.4305
2016-01-16,385.04,1.22,3.06,0.4889
2016-01-17,382.47,1.31,3.02,0.4
2016-01-18,384.4,1.47,3.04,0.5
2016-01-19,379.46,1.22,3.02,0.54
2016-01-20,414.58,1.54,3.36,0.5586
2016-01-21,410.24,1.54,3.22,0.5
2016-01-22,382.65,1.52,3.08,0.4924
2016-01-23,388.61,2.03,3.11,0.68
2016-01-24,402.13,2.1,3.17,0.5862
2016-01-25,392.76,2.5,3.12,0.634
2016-01-26,389.78,2.3,3.13,0.5944
2016-01-27,395.02,2.42,3.28,0.6298
2016-01-28,379.69,2.55,3.08,0.5255
2016-01-29,380.29,2.41,3.1,0.55
2016-01-30,377.76,2.44,3.06,0.469
2016-01-31,369.84,2.2,3.06,0.524
2016-02-01,372.18,2.17,3.07,0.55
2016-02-02,373.92,2.45,3.07,0.49
2016-02-03,368.02,2.53,3.04,0.481
2016-02-04,390.65,2.57,3.14,0.495
2016-02-05,386.46,2.56,3.13,0.497
2016-02-06,376.68,2.53,3.09,0.4707
2016-02-07,377.94,3.0,3.09,0.4707
2016-02-08,372.63,3.16,3.06,0.4825
2016-02-09,375.32,3.76,3.08,0.4607
2016-02-10,381.88,4.35,3.1,0.4749
2016-02-11,379.45,6.38,3.04,0.55
2016-02-12,384.04,5.27,3.09,0.6299
2016-02-13,390.1,5.22,3.12,0.7837
2016-02-14,405.5,5.2,3.19,0.8329
2016-02-15,401.07,5.22,3.14,0.7543
2016-02-16,406.42,4.25,3.18,1.05
2016-02-17,417.14,3.86,3.23,0.7332
2016-02-18,421.4,4.36,3.23,0.7649
2016-02-19,419.98,4.45,3.23,0.8354
2016-02-20,440.06,4.37,3.42,0.81
2016-02-21,437.87,4.63,3.41,0.7921
2016-02-22,437.79,5.6,3.45,0.7718
2016-02-23,419.9,5.7,3.38,0.7399
2016-02-24,422.72,6.23,3.35,0.7769
2016-02-25,423.48,5.93,3.35,0.8
2016-02-26,427.32,6.03,3.38,0.8143
2016-02-27,431.3,6.31,3.38,0.8282
2016-02-28,432.47,6.5,3.4,0.8666
2016-02-29,436.21,6.35,3.4,0.8951
2016-03-01,434.04,7.59,3.41,0.8
2016-03-02,425.36,8.7,3.36,0.8486
2016-03-03,419.56,9.35,3.31,1.05
2016-03-04,409.48,9.96,3.23,1.12
2016-03-05,399.0,11.0,3.18,1.26
2016-03-06,405.96,10.98,3.2,1.21
2016-03-07,414.87,9.5,3.24,0.9951
2016-03-08,411.9,9.88,3.22,1.09
2016-03-09,412.76,11.55,3.25,1.08
2016-03-10,415.83,11.11,3.27,1.03
2016-03-11,419.11,11.25,3.35,1.1
2016-03-12,410.36,13.25,3.28,1.09
2016-03-13,412.41,15.0,3.28,1.2
2016-03-14,414.31,12.5,3.29,1.18
2016-03-15,415.13,13.09,3.29,1.15
2016-03-16,415.91,12.92,3.29,1.11
2016-03-17,418.16,11.14,3.28,1.3
2016-03-18,408.16,10.75,3.16,1.1
2016-03-19,408.69,10.55,3.17,1.21
2016-03-20,411.53,10.06,3.19,1.48
2016-03-21,411.11,11.97,3.19,1.44
2016-03-22,416.21,10.96,3.22,1.34
2016-03-23,416.98,12.29,3.22,1.45
2016-03-24,414.74,11.13,3.18,1.63
2016-03-25,415.71,10.69,3.21,1.59
2016-03-26,416.51,11.0,3.21,1.69
2016-03-27,424.57,10.5,3.28,1.5
2016-03-28,422.21,11.58,3.25,1.48
2016-03-29,415.0,11.73,3.22,1.48
2016-03-30,412.44,11.88,3.21,1.42
2016-03-31,415.66,11.41,3.23,1.4
2016-04-01,415.64,11.63,3.22,1.46
2016-04-02,418.51,11.61,3.24,1.56
2016-04-03,419.06,11.58,3.25,1.56
2016-04-04,419.33,11.1,3.23,1.57
2016-04-05,422.07,10.39,3.25,1.51
2016-04-06,421.26,10.79,3.24,1.5
2016-04-07,420.14,10.08,3.22,1.52
2016-04-08,417.69,9.74,3.21,1.42
2016-04-09,418.05,9.16,3.21,1.15
2016-04-10,420.25,8.8,3.21,1.08
2016-04-11,421.43,8.72,3.22,1.02
2016-04-12,424.74,7.53,3.25,0.931
2016-04-13,423.47,8.02,3.24,1.04
2016-04-14,424.02,8.48,3.24,1.03
2016-04-15,428.67,8.22,3.27,0.9832
2016-04-16,430.05,8.48,3.27,0.9823
2016-04-17,426.26,9.45,3.25,1.02
2016-04-18,427.69,8.92,3.24,1.1
2016-04-19,434.92,8.77,3.27,1.14
2016-04-20,441.16,8.54,3.27,1.06
2016-04-21,449.34,8.15,3.33,0.9816
2016-04-22,445.28,7.83,3.3,0.9871
2016-04-23,450.08,8.31,3.34,1.03
2016-04-24,457.56,8.0,3.57,1.03
2016-04-25,461.73,7.43,3.77,0.9823
2016-04-26,466.0,7.5,4.0,0.8995
2016-04-27,447.01,7.77,3.96,0.9369
2016-04-28,448.48,7.3,3.77,0.9076
2016-04-29,454.98,7.51,3.78,0.8773
2016-04-30,448.53,8.83,3.65,0.9081
2016-05-01,452.24,8.76,3.7,0.913
2016-05-02,444.18,10.03,3.67,0.9754
2016-05-03,450.27,9.37,3.73,0.9263
2016-05-04,445.8,9.43,3.73,0.9179
2016-05-05,448.08,9.79,3.7,0.9006
2016-05-06,459.56,9.27,3.78,0.8811
2016-05-07,458.46,9.3,3.93,0.8717
2016-05-08,457.87,9.44,3.91,0.8464
2016-05-09,460.44,9.32,4.03,0.8269
2016-05-10,449.36,9.39,3.78,0.8312
2016-05-11,452.5,9.97,3.86,0.8598
2016-05-12,454.43,10.1,3.84,0.8647
2016-05-13,455.41,10.48,3.91,0.8461
2016-05-14,456.44,10.14,4.01,0.8366
2016-05-15,458.11,9.94,4.05,0.8292
2016-05-16,454.87,11.04,4.0,0.8145
2016-05-17,453.25,12.26,4.0,0.8166
2016-05-18,454.22,13.29,4.0,0.825
2016-05-19,442.66,14.49,3.88,0.8591
2016-05-20,442.11,13.73,3.87,0.9343
2016-05-21,443.64,13.95,3.95,0.9567
2016-05-22,439.62,14.21,3.94,0.92
2016-05-23,443.69,13.45,3.97,0.9012
2016-05-24,446.11,12.62,3.94,0.9078
2016-05-25,449.78,12.53,4.04,0.8622
2016-05-26,453.3,12.37,4.08,0.866
2016-05-27,474.05,11.11,4.48,0.8416
2016-05-28,524.22,11.56,4.41,0.81
2016-05-29,516.05,12.28,4.41,0.9
2016-05-30,532.26,12.48,4.54,0.9009
2016-05-31,528.92,13.85,4.56,0.938
2016-06-01,537.4,13.83,4.67,0.9154
2016-06-02,537.1,13.78,4.67,0.93
2016-06-03,567.03,13.78,4.8,0.9525
2016-06-04,571.95,13.66,4.75,0.9771
2016-06-05,574.91,13.85,4.79,1.01
2016-06-06,583.58,13.96,4.92,1.01
2016-06-07,575.58,14.41,4.74,0.9656
2016-06-08,580.51,14.44,4.74,1.0
2016-06-09,574.69,14.49,4.71,1.15
2016-06-10,577.89,13.97,4.82,1.14
2016-06-11,591.6,14.01,4.91,1.17
2016-06-12,666.55,15.57,5.11,1.25
2016-06-13,700.07,17.55,5.21,1.27
2016-06-14,685.14,18.7,5.15,1.34
2016-06-15,690.77,18.3,5.17,1.45
2016-06-16,761.21,20.61,5.49,1.45
2016-06-17,743.9,15.49,5.44,1.76
2016-06-18,753.77,11.36,5.47,2.02
2016-06-19,761.04,12.33,5.48,1.88
2016-06-20,733.97,11.7,5.22,1.77
2016-06-21,667.38,12.71,4.74,1.62
2016-06-22,590.56,13.21,3.77,1.52
2016-06-23,620.84,13.58,3.78,1.57
2016-06-24,656.89,14.25,4.15,1.53
2016-06-25,663.52,14.28,4.17,1.57
2016-06-26,625.41,13.82,4.0,1.51
2016-06-27,644.66,14.04,4.07,1.46
2016-06-28,644.89,12.15,4.06,1.46
2016-06-29,636.54,12.76,4.03,1.53
2016-06-30,670.02,12.4,4.16,1.58
2016-07-01,674.57,12.23,4.23,1.69
2016-07-02,698.06,12.04,4.56,1.74
2016-07-03,661.64,11.85,4.29,1.73
2016-07-04,675.16,11.34,4.46,1.68
2016-07-05,663.67,10.45,4.36,1.74
2016-07-06,672.7,10.51,4.43,1.95
2016-07-07,635.25,10.07,4.07,1.83
2016-07-08,662.78,11.3,4.18,1.95
2016-07-09,651.83,10.92,4.12,1.95
2016-07-10,647.11,10.97,4.09,1.92
2016-07-11,646.71,10.58,4.07,1.97
2016-07-12,670.56,10.54,4.16,2.01
2016-07-13,661.15,10.44,4.14,1.96
2016-07-14,657.25,11.55,4.13,2.01
2016-07-15,664.2,11.88,4.13,1.99
2016-07-16,660.69,11.59,4.11,2.01
2016-07-17,676.33,11.19,4.14,1.97
2016-07-18,670.38,11.03,4.13,1.97
2016-07-19,671.1,11.63,4.14,1.88
2016-07-20,664.4,12.54,4.11,1.79
2016-07-21,664.62,12.66,4.12,1.73
2016-07-22,651.11,14.82,4.02,1.83
2016-07-23,655.16,14.4,4.04,1.9
2016-07-24,659.29,12.63,4.05,1.87
2016-07-25,654.0,13.84,4.03,1.88
2016-07-26,654.38,12.08,3.95,1.77
2016-07-27,654.54,13.05,3.96,1.94
2016-07-28,654.13,12.87,3.96,1.88
2016-07-29,655.43,12.87,4.05,1.91
2016-07-30,654.74,12.57,4.07,1.93
2016-07-31,621.87,11.86,3.94,1.8
2016-08-01,607.0,11.04,3.88,1.7
2016-08-02,513.43,8.3,3.5,1.36
2016-08-03,566.44,10.42,3.7,1.58
2016-08-04,576.22,11.21,3.72,1.87
2016-08-05,574.66,11.05,3.7,1.8
2016-08-06,586.45,10.95,3.76,1.86
2016-08-07,590.85,10.98,3.76,1.92
2016-08-08,589.24,11.29,3.78,1.91
2016-08-09,585.25,12.22,3.74,2.09
2016-08-10,590.94,12.22,3.75,2.02
2016-08-11,587.84,11.68,3.75,1.94
2016-08-12,587.14,11.78,3.71,1.95
2016-08-13,584.59,11.56,3.71,1.97
2016-08-14,569.06,11.21,3.62,1.97
2016-08-15,566.95,11.21,3.58,2.17
2016-08-16,580.19,11.17,3.63,2.24
2016-08-17,572.34,10.77,3.59,2.27
2016-08-18,573.39,10.77,3.6,2.21
2016-08-19,574.56,10.71,3.6,2.27
2016-08-20,582.61,11.28,3.61,2.47
2016-08-21,580.66,11.14,3.61,2.51
2016-08-22,587.47,11.07,3.66,4.47
2016-08-23,583.56,11.01,3.94,4.79
2016-08-24,579.66,11.01,3.84,4.48
2016-08-25,577.96,11.35,3.79,4.15
2016-08-26,579.37,11.26,3.81,4.15
2016-08-27,570.35,11.19,3.74,4.81
2016-08-28,574.98,10.99,3.73,9.13
2016-08-29,574.23,10.95,3.77,8.79
2016-08-30,577.32,11.21,3.8,8.4
2016-08-31,573.88,11.55,3.79,8.48
2016-09-01,571.99,12.21,3.82,7.91
2016-09-02,575.29,12.08,3.81,9.86
2016-09-03,598.84,11.85,3.9,11.18
2016-09-04,609.55,11.71,4.01,13.84
2016-09-05,605.76,11.75,3.96,13.9
2016-09-06,610.44,11.7,3.95,12.67
2016-09-07,613.21,11.59,3.95,11.93
2016-09-08,625.57,11.39,3.97,12.9
2016-09-09,623.16,11.72,3.96,12.59
2016-09-10,624.52,12.05,3.96,12.46
2016-09-11,605.61,11.64,3.85,10.97
2016-09-12,607.98,11.89,3.81,10.3
2016-09-13,608.61,11.92,3.81,10.7
2016-09-14,609.54,11.97,3.82,10.4
2016-09-15,608.11,11.96,3.8,9.71
2016-09-16,607.78,12.61,3.82,8.92
2016-09-17,607.08,12.83,3.8,9.6
2016-09-18,610.7,12.39,3.83,9.47
2016-09-19,609.85,12.93,3.82,10.53
2016-09-20,609.24,14.72,3.83,11.29
2016-09-21,597.16,13.72,3.77,9.79
2016-09-22,595.63,13.11,3.76,10.2
2016-09-23,602.92,13.36,3.81,10.79
2016-09-24,602.59,12.91,3.8,10.71
2016-09-25,601.49,13.05,3.8,10.2
2016-09-26,606.54,12.89,3.85,9.35
2016-09-27,605.47,13.09,3.84,9.28
2016-09-28,604.67,13.3,3.83,9.37
2016-09-29,604.7,13.17,3.84,8.51
2016-09-30,608.14,13.24,3.83,8.52
2016-10-01,613.41,13.21,3.83,7.44
2016-10-02,610.69,13.23,3.84,8.39
2016-10-03,611.6,13.45,3.83,7.89
2016-10-04,608.96,13.32,3.83,7.6
2016-10-05,611.82,13.09,3.84,6.62
2016-10-06,610.97,12.87,3.82,7.2
2016-10-07,616.03,12.68,3.84,6.77
2016-10-08,617.65,12.24,3.82,6.93
2016-10-09,615.77,12.06,3.81,7.44
2016-10-10,617.29,11.74,3.77,6.97
2016-10-11,640.45,11.75,3.81,7.34
2016-10-12,635.99,11.77,3.8,7.21
2016-10-13,635.6,12.02,3.88,7.0
2016-10-14,637.92,11.9,3.87,6.94
2016-10-15,637.03,11.96,3.86,6.47
2016-10-16,640.12,11.93,3.86,6.52
2016-10-17,637.37,11.98,3.84,6.26
2016-10-18,635.34,12.5,3.82,6.63
2016-10-19,629.06,11.98,3.79,6.73
2016-10-20,628.34,12.05,3.77,6.47
2016-10-21,630.45,12.07,3.8,6.9
2016-10-22,655.48,12.06,3.85,6.46
2016-10-23,653.03,11.95,3.88,6.53
2016-10-24,650.49,11.93,3.84,6.48
2016-10-25,651.0,11.38,3.85,6.15
2016-10-26,674.67,11.5,3.92,6.01
2016-10-27,682.3,11.43,3.98,6.17
2016-10-28,686.24,11.08,3.95,5.7
2016-10-29,714.95,10.39,4.05,4.84
2016-10-30,697.27,11.22,3.96,5.55
2016-10-31,698.67,10.91,3.96,5.12
2016-11-01,726.76,10.75,4.06,4.69
2016-11-02,733.51,10.82,4.08,4.53
2016-11-03,684.87,10.86,3.83,4.97
2016-11-04,702.08,11.13,3.86,4.88
2016-11-05,702.11,11.11,3.86,5.05
2016-11-06,709.91,10.97,3.87,5.0
2016-11-07,705.4,10.9,3.84,5.75
2016-11-08,710.9,10.86,3.82,6.66
2016-11-09,721.42,10.64,3.85,5.87
2016-11-10,714.57,10.52,3.8,6.13
2016-11-11,714.97,10.29,3.8,6.95
2016-11-12,704.27,9.96,3.75,7.58
2016-11-13,701.97,10.13,3.85,7.1
2016-11-14,704.56,10.0,3.86,7.68
2016-11-15,711.1,10.22,3.87,7.41
2016-11-16,740.28,10.01,3.89,6.83
2016-11-17,737.53,9.95,3.88,6.82
2016-11-18,746.96,9.53,3.93,6.7
2016-11-19,747.89,9.7,3.92,6.63
2016-11-20,728.51,9.57,3.88,6.64
2016-11-21,736.19,9.56,3.92,6.77
2016-11-22,749.34,9.84,3.91,7.45
2016-11-23,741.07,9.78,3.9,7.96
2016-11-24,735.31,9.22,3.86,7.72
2016-11-25,740.39,9.39,3.88,7.53
2016-11-26,734.14,9.34,3.85,7.52
2016-11-27,729.42,8.91,3.86,8.05
2016-11-28,733.3,8.66,3.87,7.87
2016-11-29,732.56,8.18,3.84,7.67
2016-11-30,742.49,8.59,3.87,9.1
2016-12-01,752.63,8.44,3.89,8.6
2016-12-02,770.94,7.65,3.9,8.06
2016-12-03,764.24,7.9,3.89,8.16
2016-12-04,766.39,7.54,3.89,7.94
2016-12-05,754.34,6.69,3.49,7.87
2016-12-06,758.21,7.61,3.5,7.4
2016-12-07,765.56,8.35,3.63,7.91
2016-12-08,768.49,8.3,3.67,7.87
2016-12-09,770.48,8.52,3.67,7.91
2016-12-10,774.0,8.09,3.67,7.75
2016-12-11,767.91,8.2,3.63,7.86
2016-12-12,778.47,8.45,3.65,8.0
2016-12-13,778.74,8.4,3.63,8.06
2016-12-14,776.5,8.23,3.61,8.44
2016-12-15,775.21,7.76,3.63,8.49
2016-12-16,782.05,7.85,3.62,8.5
2016-12-17,787.17,7.66,3.67,8.31
2016-12-18,789.01,7.89,3.66,8.69
2016-12-19,789.79,7.61,3.64,8.54
2016-12-20,799.1,7.59,3.64,8.48
2016-12-21,829.21,7.87,3.63,8.42
2016-12-22,860.15,7.64,3.67,8.85
2016-12-23,917.17,7.16,4.41,9.45
2016-12-24,891.07,7.23,4.38,9.6
2016-12-25,891.07,7.19,4.22,9.71
2016-12-26,898.38,7.21,4.2,10.24
2016-12-27,925.78,7.15,4.3,12.47
2016-12-28,972.17,7.57,4.42,14.05
2016-12-29,971.08,8.21,4.47,13.13
2016-12-30,959.04,8.16,4.35,12.87
2016-12-31,963.38,8.05,4.32,13.79
2017-01-01,995.44,8.14,4.42,13.57
2017-01-02,1017.05,8.33,4.54,16.12
2017-01-03,1033.3,9.59,4.51,15.2
2017-01-04,1135.41,10.88,4.42,18.48
2017-01-05,989.35,10.2,4.16,16.11
2017-01-06,886.16,10.07,3.76,14.19
2017-01-07,888.87,9.78,3.82,12.93
2017-01-08,900.86,10.27,3.91,13.5
2017-01-09,899.78,10.2,4.25,13.5
2017-01-10,904.37,10.55,4.47,13.35
2017-01-11,785.43,9.83,3.84,11.9
2017-01-12,810.11,9.81,3.94,12.33
2017-01-13,824.83,9.78,3.86,11.13
2017-01-14,819.63,9.78,3.89,11.67
2017-01-15,821.17,9.88,3.85,10.95
2017-01-16,827.34,9.59,3.82,10.66
2017-01-17,899.66,10.14,3.89,12.55
2017-01-18,872.03,10.19,3.8,12.26
2017-01-19,895.21,10.43,3.82,12.2
2017-01-20,892.91,10.6,3.84,11.84
2017-01-21,919.84,10.91,3.85,12.14
2017-01-22,918.84,10.71,3.81,12.01
2017-01-23,921.46,10.78,3.82,12.3
2017-01-24,893.75,10.51,3.75,11.7
2017-01-25,894.41,10.51,3.66,11.92
2017-01-26,915.56,10.65,3.81,12.13
2017-01-27,918.01,10.51,3.85,12.13
2017-01-28,918.51,10.54,3.84,12.98
2017-01-29,914.55,10.47,3.82,12.92
2017-01-30,920.73,10.62,3.99,12.92
2017-01-31,965.49,10.71,4.02,13.26
2017-02-01,982.43,10.71,4.0,13.25
2017-02-02,1003.97,10.78,4.03,13.09
2017-02-03,1013.02,10.95,3.99,12.92
2017-02-04,1031.85,11.32,3.96,12.75
2017-02-05,1016.11,11.22,3.97,12.61
2017-02-06,1024.67,11.32,3.93,12.8
2017-02-07,1049.56,11.45,3.93,12.6
2017-02-08,1055.49,11.39,3.93,12.56
2017-02-09,978.96,10.94,3.67,12.05
2017-02-10,997.61,11.34,3.76,12.28
2017-02-11,1008.32,11.43,3.81,12.48
2017-02-12,996.52,11.42,3.73,12.41
2017-02-13,995.36,11.39,3.74,12.39
2017-02-14,1008.34,13.0,3.8,13.02
2017-02-15,1008.19,12.97,3.81,13.8
2017-02-16,1031.93,12.95,3.84,13.0
2017-02-17,1049.41,12.72,3.83,13.3
2017-02-18,1052.28,12.83,3.78,13.6
2017-02-19,1048.89,12.82,3.75,13.23
2017-02-20,1077.56,12.52,3.73,12.21
2017-02-21,1119.03,12.77,3.78,12.5
2017-02-22,1120.46,12.69,3.8,12.93
2017-02-23,1171.91,13.13,3.8,13.02
2017-02-24,1176.49,13.11,3.87,12.1
2017-02-25,1149.05,13.57,3.85,11.9
2017-02-26,1171.58,14.59,3.82,11.81
2017-02-27,1188.83,15.55,3.83,11.97
2017-02-28,1189.27,16.07,3.77,12.27
2017-03-01,1222.66,17.55,3.8,12.3
2017-03-02,1255.47,19.08,3.96,13.19
2017-03-03,1283.3,19.48,4.02,13.83
2017-03-04,1264.32,18.61,3.98,13.41
2017-03-05,1271.22,19.22,3.97,15.03
2017-03-06,1277.01,19.75,4.05,15.4
2017-03-07,1232.69,18.91,3.96,13.62
2017-03-08,1146.97,16.54,3.8,12.41
2017-03-09,1191.33,17.71,3.89,13.1
2017-03-10,1112.39,19.13,3.78,13.03
2017-03-11,1179.22,21.45,3.8,14.64
2017-03-12,1225.11,23.31,3.87,16.9
2017-03-13,1238.19,28.45,4.36,18.49
2017-03-14,1243.14,28.58,4.17,17.41
2017-03-15,1253.43,35.18,4.26,19.32
2017-03-16,1172.88,45.51,4.33,22.3
2017-03-17,1071.71,44.48,4.2,21.98
2017-03-18,971.38,34.0,4.05,19.4
2017-03-19,1022.6,43.12,3.98,21.89
2017-03-20,1047.51,42.51,4.12,22.38
2017-03-21,1121.29,42.67,4.09,21.57
2017-03-22,1044.72,41.65,3.98,20.4
2017-03-23,1035.03,43.2,4.02,22.02
2017-03-24,939.7,53.19,4.18,21.61
2017-03-25,966.3,50.62,4.13,19.75
2017-03-26,969.44,50.63,4.1,18.9
2017-03-27,1045.14,49.06,4.1,19.4
2017-03-28,1044.42,50.25,4.2,19.99
2017-03-29,1041.9,53.07,4.32,21.18
2017-03-30,1037.91,51.91,7.5,20.2
2017-03-31,1079.11,49.91,7.1,20.19
2017-04-01,1086.12,50.6,7.48,21.05
2017-04-02,1097.4,48.55,8.22,20.11
2017-04-03,1147.56,44.13,8.57,20.0
2017-04-04,1141.77,44.43,8.97,20.47
2017-04-05,1129.87,44.9,12.39,19.75
2017-04-06,1188.7,43.23,10.7,19.47
2017-04-07,1190.49,42.31,9.89,19.82
2017-04-08,1180.78,44.37,10.66,20.81
2017-04-09,1204.34,43.72,9.21,20.71
2017-04-10,1206.71,43.74,9.8,22.34
2017-04-11,1220.74,43.74,9.66,21.91
2017-04-12,1212.53,46.38,11.6,21.83
2017-04-13,1176.2,49.97,11.06,21.52
2017-04-14,1177.33,47.32,11.67,21.07
2017-04-15,1176.99,48.89,11.67,20.64
2017-04-16,1176.8,48.22,11.73,20.15
2017-04-17,1194.01,47.94,11.26,20.53
2017-04-18,1206.09,49.88,11.06,20.98
2017-04-19,1215.2,47.88,10.29,20.25
2017-04-20,1238.09,49.36,10.97,20.2
2017-04-21,1249.64,48.27,12.0,20.04
2017-04-22,1240.89,48.41,14.05,20.03
2017-04-23,1249.14,48.75,15.15,20.04
2017-04-24,1248.18,49.94,14.87,19.58
2017-04-25,1264.31,50.09,15.06,19.59
2017-04-26,1286.63,53.28,14.89,19.5
2017-04-27,1332.91,63.14,14.66,21.42
2017-04-28,1329.62,72.42,14.25,22.55
2017-04-29,1336.28,69.83,15.75,23.22
2017-04-30,1351.91,79.83,15.63,23.7
2017-05-01,1415.81,77.53,15.74,22.48
2017-05-02,1445.93,77.25,15.57,23.23
2017-05-03,1485.55,80.37,20.53,25.44
2017-05-04,1516.76,94.55,22.95,25.98
2017-05-05,1507.77,90.79,25.2,27.36
2017-05-06,1545.29,94.82,27.46,27.74
2017-05-07,1554.45,90.46,29.5,31.72
2017-05-08,1664.47,88.39,28.1,29.59
2017-05-09,1697.5,86.27,31.77,28.06
2017-05-10,1752.31,87.83,31.28,30.43
2017-05-11,1819.29,88.2,29.88,29.77
2017-05-12,1686.39,85.15,26.76,28.85
2017-05-13,1763.74,87.96,28.14,28.49
2017-05-14,1772.55,88.72,28.07,28.44
2017-05-15,1708.92,90.32,24.5,27.67
2017-05-16,1729.34,87.8,22.83,26.78
2017-05-17,1801.3,86.98,25.06,27.32
2017-05-18,1880.99,95.88,27.88,30.79
2017-05-19,1962.0,124.38,27.27,32.0
2017-05-20,2040.18,123.06,27.42,34.8
2017-05-21,2044.19,148.0,26.02,34.39
2017-05-22,2124.41,160.39,24.79,36.13
2017-05-23,2272.58,169.5,31.36,55.41
2017-05-24,2445.28,193.03,34.8,45.03
2017-05-25,2307.22,177.33,28.32,40.04
2017-05-26,2244.89,162.83,24.45,38.48
2017-05-27,2052.43,156.63,22.83,31.73
2017-05-28,2189.02,172.86,23.89,36.04
2017-05-29,2278.21,194.17,25.33,41.08
2017-05-30,2192.55,228.58,23.89,39.34
2017-05-31,2303.34,228.64,25.91,41.61
2017-06-01,2412.65,220.7,27.55,43.99
2017-06-02,2492.6,222.04,28.27,43.8
2017-06-03,2545.43,224.3,27.27,42.48
2017-06-04,2524.06,244.96,27.89,42.77
2017-06-05,2704.96,247.75,30.78,48.45
2017-06-06,2870.5,264.26,30.07,54.58
2017-06-07,2691.51,255.77,28.47,53.01
2017-06-08,2798.78,259.41,29.9,56.11
2017-06-09,2811.43,279.11,29.54,55.52
2017-06-10,2900.25,335.95,30.06,51.11
2017-06-11,2973.45,339.68,33.63,57.72
2017-06-12,2656.77,394.66,28.98,49.9
2017-06-13,2712.99,388.09,30.38,51.74
2017-06-14,2467.27,343.84,29.19,45.34
2017-06-15,2442.46,344.68,29.29,46.26
2017-06-16,2508.58,353.61,34.12,47.41
2017-06-17,2655.1,368.1,45.8,52.51
2017-06-18,2539.56,351.53,43.8,49.71
2017-06-19,2616.82,358.2,47.37,50.45
2017-06-20,2754.38,350.53,45.68,51.04
2017-06-21,2677.62,325.3,44.5,48.5
2017-06-22,2722.84,320.97,46.16,49.93
2017-06-23,2710.37,326.85,46.0,50.73
2017-06-24,2590.05,304.54,42.7,46.95
2017-06-25,2541.62,279.36,41.28,45.14
2017-06-26,2446.05,253.68,38.53,43.34
2017-06-27,2583.75,286.14,40.24,43.41
2017-06-28,2577.74,315.86,41.89,47.1
2017-06-29,2558.37,292.9,40.13,44.42
2017-06-30,2480.61,280.68,39.48,43.23
2017-07-01,2424.61,261.0,38.08,40.06
2017-07-02,2536.46,283.99,41.26,42.2
2017-07-03,2572.47,276.41,45.34,43.72
2017-07-04,2617.32,269.05,54.51,45.19
2017-07-05,2627.86,266.0,52.92,45.82
2017-07-06,2614.24,265.88,51.04,49.94
2017-07-07,2513.88,240.94,46.1,44.07
2017-07-08,2564.86,245.67,51.22,45.9
2017-07-09,2511.43,237.72,48.63,44.56
2017-07-10,2344.02,205.76,45.0,40.04
2017-07-11,2324.29,190.55,43.98,36.8
2017-07-12,2403.09,224.15,47.14,40.23
2017-07-13,2362.44,205.41,45.69,38.02
2017-07-14,2234.17,197.14,42.46,35.43
2017-07-15,1975.08,169.1,38.41,32.15
2017-07-16,1914.09,155.42,40.7,29.36
2017-07-17,2233.39,189.97,42.17,34.67
2017-07-18,2320.23,227.09,43.35,36.32
2017-07-19,2282.58,194.41,40.11,34.94
2017-07-20,2866.02,226.33,44.35,40.96
2017-07-21,2675.08,216.33,45.2,40.3
2017-07-22,2836.53,230.47,46.47,44.86
2017-07-23,2756.61,228.32,44.67,42.63
2017-07-24,2763.42,225.48,44.77,46.06
2017-07-25,2582.58,203.59,42.3,40.66
2017-07-26,2559.21,202.88,42.03,45.77
2017-07-27,2691.88,202.93,41.89,45.14
2017-07-28,2806.75,191.21,40.43,43.67
2017-07-29,2733.5,206.14,41.07,43.97
2017-07-30,2766.49,196.78,40.61,39.92
2017-07-31,2883.27,201.33,42.38,39.68
2017-08-01,2746.99,225.9,43.16,44.13
2017-08-02,2720.53,218.12,41.92,43.84
2017-08-03,2809.99,224.39,42.75,43.24
2017-08-04,2878.49,220.6,43.31,45.12
2017-08-05,3262.8,253.09,46.24,48.6
2017-08-06,3232.03,264.56,45.56,47.92
2017-08-07,3401.91,269.94,46.11,50.16
2017-08-08,3429.38,296.51,49.13,51.96
2017-08-09,3348.79,295.28,47.78,51.08
2017-08-10,3425.67,298.28,46.97,49.39
2017-08-11,3654.37,309.32,47.11,50.54
2017-08-12,3871.62,308.02,46.27,49.5
2017-08-13,4062.6,296.62,45.49,47.69
2017-08-14,4327.94,299.16,45.7,49.91
2017-08-15,4161.66,286.52,43.17,48.7
2017-08-16,4387.4,301.38,43.97,48.63
2017-08-17,4278.92,300.3,43.83,47.26
2017-08-18,4105.37,292.62,46.74,46.6
2017-08-19,4150.45,293.02,45.19,55.52
2017-08-20,4066.6,298.2,45.81,54.95
2017-08-21,4005.1,321.85,48.09,77.74
2017-08-22,4089.7,313.37,46.4,90.77
2017-08-23,4141.09,317.4,53.44,90.42
2017-08-24,4318.35,325.28,50.36,86.16
2017-08-25,4364.41,330.06,51.09,108.01
2017-08-26,4352.3,332.86,51.58,137.65
2017-08-27,4345.75,347.88,61.08,130.74
2017-08-28,4390.31,347.66,62.36,144.99
2017-08-29,4597.31,372.35,63.76,133.21
2017-08-30,4583.02,383.86,65.97,133.7
2017-08-31,4735.11,388.33,73.03,141.02
2017-09-01,4921.85,391.42,87.88,142.84
2017-09-02,4573.8,351.03,79.18,123.15
2017-09-03,4612.92,352.45,79.04,126.18
2017-09-04,4267.45,303.7,68.89,105.29
2017-09-05,4409.08,317.94,73.73,118.9
2017-09-06,4618.71,338.92,81.44,122.74
2017-09-07,4635.6,335.37,80.25,122.18
2017-09-08,4326.45,306.72,73.19,117.33
2017-09-09,4335.13,303.79,71.09,116.1
2017-09-10,4245.89,299.21,67.08,112.58
2017-09-11,4217.9,297.95,68.13,112.18
2017-09-12,4158.92,294.1,65.89,111.86
2017-09-13,3870.29,275.84,61.78,110.21
2017-09-14,3243.08,223.14,45.2,86.2
2017-09-15,3713.76,259.57,52.0,100.01
2017-09-16,3698.92,254.49,52.1,96.4
2017-09-17,3689.61,258.4,51.0,93.72
2017-09-18,4100.28,297.53,56.16,101.74
2017-09-19,3907.96,283.0,52.8,98.28
2017-09-20,3882.16,283.56,51.56,95.6
2017-09-21,3617.27,257.77,46.46,85.8
2017-09-22,3600.83,262.94,47.67,87.81
2017-09-23,3788.02,286.14,49.29,91.88
2017-09-24,3667.52,282.6,47.5,89.53
2017-09-25,3932.83,294.89,52.27,94.1
2017-09-26,3892.7,288.64,52.27,93.62
2017-09-27,4212.2,309.97,56.9,102.39
2017-09-28,4195.65,302.77,54.91,98.03
2017-09-29,4172.79,292.58,52.8,94.74
2017-09-30,4360.62,302.77,55.41,96.27
2017-10-01,4403.09,303.95,54.8,93.58
2017-10-02,4401.32,296.81,53.29,91.39
2017-10-03,4314.18,291.81,52.15,92.99
2017-10-04,4218.66,291.68,51.22,90.24
2017-10-05,4321.44,294.99,51.64,91.88
2017-10-06,4371.94,308.33,52.08,91.05
2017-10-07,4435.81,311.26,52.57,91.61
2017-10-08,4611.7,309.49,53.3,90.35
2017-10-09,4777.49,296.95,50.08,85.34
2017-10-10,4763.36,298.46,50.58,86.46
2017-10-11,4824.2,302.86,50.79,87.49
2017-10-12,5432.62,302.89,59.72,86.91
2017-10-13,5637.26,336.83,59.05,94.82
2017-10-14,5824.71,338.81,63.94,99.99
2017-10-15,5688.14,336.58,65.57,94.92
2017-10-16,5759.33,334.23,64.76,95.81
2017-10-17,5598.58,316.14,59.19,90.98
2017-10-18,5575.83,313.54,60.55,89.22
2017-10-19,5698.65,307.41,59.68,88.39
2017-10-20,5993.11,303.08,60.09,90.35
2017-10-21,6006.65,299.55,58.09,88.04
2017-10-22,5982.86,294.03,56.51,86.51
2017-10-23,5903.61,285.27,54.63,85.17
2017-10-24,5513.08,296.5,55.56,88.03
2017-10-25,5734.0,296.35,56.19,87.08
2017-10-26,5929.85,297.0,56.24,88.02
